-- phpMyAdmin SQL Dump
-- version 5.2.3
-- https://www.phpmyadmin.net/
--
-- 主机： localhost
-- 生成日期： 2025-11-22 12:52:03
-- 服务器版本： 5.7.39
-- PHP 版本： 8.3.25

SET SQL_MODE = "NO_AUTO_VALUE_ON_ZERO";
START TRANSACTION;
SET time_zone = "+00:00";


/*!40101 SET @OLD_CHARACTER_SET_CLIENT=@@CHARACTER_SET_CLIENT */;
/*!40101 SET @OLD_CHARACTER_SET_RESULTS=@@CHARACTER_SET_RESULTS */;
/*!40101 SET @OLD_COLLATION_CONNECTION=@@COLLATION_CONNECTION */;
/*!40101 SET NAMES utf8mb4 */;

--
-- 数据库： `fun_quiz`
--

-- --------------------------------------------------------

--
-- 表的结构 `admin_users`
--

CREATE TABLE `admin_users` (
  `id` int(10) UNSIGNED NOT NULL,
  `username` varchar(50) COLLATE utf8mb4_unicode_ci NOT NULL,
  `password_hash` varchar(255) COLLATE utf8mb4_unicode_ci NOT NULL,
  `display_name` varchar(50) COLLATE utf8mb4_unicode_ci DEFAULT NULL,
  `is_active` tinyint(1) NOT NULL DEFAULT '1',
  `created_at` datetime NOT NULL DEFAULT CURRENT_TIMESTAMP
) ENGINE=InnoDB DEFAULT CHARSET=utf8mb4 COLLATE=utf8mb4_unicode_ci;

--
-- 转存表中的数据 `admin_users`
--

INSERT INTO `admin_users` (`id`, `username`, `password_hash`, `display_name`, `is_active`, `created_at`) VALUES
(1, 'admin', '$2y$10$/yMFXFurP71ZNY6PqdS.v.ng9NrdVZoZqESWGvQ0aQlUUaODLg.SC', '管理员', 1, '2025-11-20 00:28:40');

-- --------------------------------------------------------

--
-- 表的结构 `backup_logs`
--

CREATE TABLE `backup_logs` (
  `id` int(10) UNSIGNED NOT NULL,
  `filename` varchar(255) COLLATE utf8mb4_unicode_ci NOT NULL,
  `file_path` varchar(255) COLLATE utf8mb4_unicode_ci NOT NULL,
  `file_size` bigint(20) UNSIGNED NOT NULL DEFAULT '0',
  `status` varchar(20) COLLATE utf8mb4_unicode_ci NOT NULL DEFAULT 'success',
  `message` varchar(255) COLLATE utf8mb4_unicode_ci DEFAULT NULL,
  `ip` varchar(45) COLLATE utf8mb4_unicode_ci DEFAULT NULL,
  `created_at` datetime NOT NULL DEFAULT CURRENT_TIMESTAMP
) ENGINE=InnoDB DEFAULT CHARSET=utf8mb4 COLLATE=utf8mb4_unicode_ci;

-- --------------------------------------------------------

--
-- 表的结构 `questions`
--

CREATE TABLE `questions` (
  `id` int(10) UNSIGNED NOT NULL,
  `test_id` int(10) UNSIGNED NOT NULL,
  `question_text` text COLLATE utf8mb4_unicode_ci NOT NULL,
  `sort_order` int(11) NOT NULL DEFAULT '0',
  `created_at` datetime NOT NULL DEFAULT CURRENT_TIMESTAMP
) ENGINE=InnoDB DEFAULT CHARSET=utf8mb4 COLLATE=utf8mb4_unicode_ci;

--
-- 转存表中的数据 `questions`
--

INSERT INTO `questions` (`id`, `test_id`, `question_text`, `sort_order`, `created_at`) VALUES
(1, 1, '周末突然多出一整天，你最可能怎么安排？', 1, '2025-11-20 01:18:17'),
(2, 1, '遇到工作/生活里的难题，你第一反应是什么？', 2, '2025-11-20 01:18:17'),
(3, 1, '别人评价你「有点难靠近」时，你觉得最可能的原因是？', 3, '2025-11-20 01:18:17'),
(4, 1, '如果必须在一个完全陌生的城市生活半年，你最在意先搞定哪件事？', 4, '2025-11-20 01:18:17'),
(5, 1, '当你做成一件重要的事，你最自然的反应是？', 5, '2025-11-20 01:18:17'),
(6, 2, '当你对一个人有情绪时，你最自然的做法是？', 1, '2025-11-20 02:23:37'),
(7, 2, '当关系中出现误会时，你会？', 2, '2025-11-20 02:23:37'),
(8, 2, '如果喜欢一个人，你通常会…？', 3, '2025-11-20 02:23:37'),
(9, 2, '当你受委屈时，你更可能？', 4, '2025-11-20 02:23:37'),
(10, 2, '当你意识到自己“在乎某人”时，你的本能反应是？', 5, '2025-11-20 02:23:37'),
(14, 3, '遇到一群新朋友时，你更可能？', 1, '2025-11-20 02:47:12'),
(15, 3, '做重要决定时，你更信任？', 2, '2025-11-20 02:47:25'),
(16, 3, '下班/下课后，你更期待？', 3, '2025-11-20 02:47:31'),
(27, 6, '1. 下班（或放学）后，有人临时约你出去，你第一反应是？', 1, '2025-11-20 13:42:50'),
(28, 6, '2. 在一个有十几个人的小聚会里，你通常处在什么状态？', 2, '2025-11-20 13:42:50'),
(29, 6, '3. 你最近多久会有一次“把手机丢一边，谁也不想回消息”的时刻？', 3, '2025-11-20 13:42:50'),
(30, 6, '4. 当你在群聊里分享了一件事，但很久没人回复，你的感受更接近于？', 4, '2025-11-20 13:42:50'),
(31, 6, '5. 如果这几天突然多了几个新的社交邀约，你的内心 OS 大概是？', 5, '2025-11-20 13:42:51'),
(32, 7, '在聚会中你通常怎么站？', 1, '2025-11-21 05:59:06'),
(33, 7, '第一次见面的谈话里，你最常做的是？', 2, '2025-11-21 05:59:06'),
(34, 7, '如果朋友带来一个新朋友，你会？', 3, '2025-11-21 05:59:06'),
(35, 7, '当场面安静下来，你通常？', 4, '2025-11-21 05:59:06'),
(36, 7, '你更喜欢怎样的社交状态？', 5, '2025-11-21 05:59:06'),
(37, 7, '在群聊里，你的发言风格是？', 6, '2025-11-21 05:59:06'),
(38, 7, '当你走进一间屋子，你给人的第一印象是？', 7, '2025-11-21 05:59:06'),
(39, 7, '当你想跟某人变熟，你会？', 8, '2025-11-21 05:59:06'),
(40, 7, '聚餐时，菜单交给你，你会？', 9, '2025-11-21 05:59:06'),
(41, 7, '如果全场都在等你说话，你会？', 10, '2025-11-21 05:59:06'),
(42, 7, '当你遇到一个新环境，你更像？', 11, '2025-11-21 05:59:06'),
(43, 7, '开会或讨论时，你的存在感是？', 12, '2025-11-21 05:59:06'),
(44, 7, '当朋友哭了，你会？', 13, '2025-11-21 05:59:06'),
(45, 7, '当别人误解你，你的第一反应是？', 14, '2025-11-21 05:59:06'),
(46, 7, '当你喜欢的人突然冷淡，你会？', 15, '2025-11-21 05:59:06'),
(47, 7, '你安慰自己的方式是？', 16, '2025-11-21 05:59:06'),
(48, 7, '当你遇到突发的小麻烦，你第一反应是？', 17, '2025-11-21 05:59:06'),
(49, 7, '当别人语气突然变冲，你通常？', 18, '2025-11-21 05:59:06'),
(50, 7, '面对亲密关系的争吵，你更像？', 19, '2025-11-21 05:59:06'),
(51, 7, '当你心情低落时，你最希望别人对你说什么？', 20, '2025-11-21 05:59:06'),
(52, 7, '你在喜欢的人面前，最容易暴露的特质是？', 21, '2025-11-21 05:59:06'),
(53, 7, '当你情绪快要失控时，你会？', 22, '2025-11-21 05:59:06'),
(54, 7, '别人向你倾诉时，你更常？', 23, '2025-11-21 05:59:06'),
(55, 7, '当你喜欢的人很累很崩溃，你最自然的做法是？', 24, '2025-11-21 05:59:06'),
(56, 7, '当你做决定时，你更依赖？', 25, '2025-11-21 05:59:06'),
(57, 7, '当你在等某人回复消息时，你会？', 26, '2025-11-21 05:59:06'),
(58, 7, '你在与人相处时，最看重什么？', 27, '2025-11-21 05:59:06'),
(59, 7, '你更习惯怎样的表达方式？', 28, '2025-11-21 05:59:06'),
(60, 7, '如果你要解释一件复杂的事，你会？', 29, '2025-11-21 05:59:06'),
(61, 7, '当你遇到一个很聪明的人，你的反应是？', 30, '2025-11-21 05:59:06'),
(62, 7, '当你觉得某人有点喜欢你时，你通常？', 31, '2025-11-21 05:59:06'),
(63, 7, '你处理问题的节奏更像？', 32, '2025-11-21 05:59:06'),
(64, 7, '你会被什么样的人吸引？', 33, '2025-11-21 05:59:06'),
(65, 7, '当你和别人聊到兴奋处，你通常会？', 34, '2025-11-21 05:59:06'),
(66, 7, '当别人给出与你不同的观点，你会？', 35, '2025-11-21 05:59:06'),
(67, 7, '你表达喜欢的方式更像？', 36, '2025-11-21 05:59:06'),
(68, 7, '喜欢的人突然秒回你，你的感觉是？', 37, '2025-11-21 05:59:06'),
(69, 7, '如果你和喜欢的人走在街上，他突然停下来盯着你，你会？', 38, '2025-11-21 05:59:06'),
(70, 7, '你希望别人被你哪一点吸引？', 39, '2025-11-21 05:59:06'),
(71, 7, '在爱情里，你最自然的主动方式是？', 40, '2025-11-21 05:59:06'),
(72, 7, '当事情突然变得很混乱，你会？', 41, '2025-11-21 05:59:06'),
(73, 7, '你在快要爆发时，更像？', 42, '2025-11-21 05:59:06'),
(74, 7, '当有人说了一句让你不舒服的话，你第一反应是？', 43, '2025-11-21 05:59:06'),
(75, 7, '当你被要求在众人面前做决定，你通常？', 44, '2025-11-21 05:59:06'),
(76, 7, '当你很累很烦时，你的状态像？', 45, '2025-11-21 05:59:06'),
(77, 7, '如果你被突然否定，你会？', 46, '2025-11-21 05:59:06'),
(78, 7, '在压力很大时，你更像是哪种人？', 47, '2025-11-21 05:59:06'),
(79, 7, '当工作或生活一团糟时，你最想要？', 48, '2025-11-21 05:59:06'),
(80, 7, '当你觉得快撑不住时，你会？', 49, '2025-11-21 05:59:06'),
(81, 7, '如果让你总结自己在压力下的真实样子，你更像？', 50, '2025-11-21 05:59:06'),
(115, 12, '周末不用上班，你醒来发现今天完全是属于你自己的一天，你最可能怎么安排？', 1, '2025-11-21 11:41:20'),
(116, 12, '在一群人都在激烈讨论的话题中，你通常的状态是？', 2, '2025-11-21 11:41:20'),
(117, 12, '如果你走在路上，突然下起雨而你没带伞，你第一反应是？', 3, '2025-11-21 11:41:20'),
(118, 12, '朋友向你倾诉，很难过、眼睛都红了，你最有可能怎么回应？', 4, '2025-11-21 11:41:20'),
(119, 12, '在一段关系里，你最需要的是什么？', 5, '2025-11-21 11:41:20'),
(120, 12, '生活中，你对“规则”的态度更接近哪一种？', 6, '2025-11-21 11:41:20'),
(121, 12, '当你一个人走在夜路上时，脑子里更容易出现什么？', 7, '2025-11-21 11:41:20'),
(122, 12, '下面哪一句话最能戳中你，对你说会让你很感动？', 8, '2025-11-21 11:41:20'),
(123, 12, '如果你必须在一个地方待上一年，你更希望是哪里？', 9, '2025-11-21 11:41:20'),
(124, 12, '当你被误解或者被冤枉时，你更可能？', 10, '2025-11-21 11:41:20'),
(125, 12, '如果把你的日常状态比作一种走路方式，你觉得更像？', 11, '2025-11-21 11:41:20'),
(126, 12, '如果你的灵魂动物可以给现在的你留一句话，你觉得会是什么？', 12, '2025-11-21 11:41:20'),
(127, 13, '休息日，你更像哪一种状态？~', 1, '2025-11-22 04:08:37'),
(128, 13, '有人突然来你家做客，你会？', 2, '2025-11-22 04:08:37'),
(129, 13, '如果必须二选一，你更希望别人夸你：', 3, '2025-11-22 04:08:37');

-- --------------------------------------------------------

--
-- 表的结构 `question_answers`
--

CREATE TABLE `question_answers` (
  `id` bigint(20) UNSIGNED NOT NULL,
  `test_run_id` bigint(20) UNSIGNED DEFAULT NULL,
  `test_id` int(10) UNSIGNED NOT NULL,
  `question_id` int(10) UNSIGNED NOT NULL,
  `option_key` char(1) COLLATE utf8mb4_unicode_ci NOT NULL,
  `created_at` datetime NOT NULL DEFAULT CURRENT_TIMESTAMP
) ENGINE=InnoDB DEFAULT CHARSET=utf8mb4 COLLATE=utf8mb4_unicode_ci;

--
-- 转存表中的数据 `question_answers`
--

INSERT INTO `question_answers` (`id`, `test_run_id`, `test_id`, `question_id`, `option_key`, `created_at`) VALUES
(1, 59, 6, 27, 'C', '2025-11-22 03:29:03'),
(2, 59, 6, 28, 'C', '2025-11-22 03:29:03'),
(3, 59, 6, 29, 'D', '2025-11-22 03:29:03'),
(4, 59, 6, 30, 'D', '2025-11-22 03:29:03'),
(5, 59, 6, 31, 'B', '2025-11-22 03:29:03');

-- --------------------------------------------------------

--
-- 表的结构 `question_options`
--

CREATE TABLE `question_options` (
  `id` int(10) UNSIGNED NOT NULL,
  `question_id` int(10) UNSIGNED NOT NULL,
  `option_key` char(1) COLLATE utf8mb4_unicode_ci NOT NULL,
  `option_text` text COLLATE utf8mb4_unicode_ci NOT NULL,
  `map_result_code` varchar(50) COLLATE utf8mb4_unicode_ci DEFAULT NULL,
  `score_value` int(11) NOT NULL DEFAULT '0',
  `created_at` datetime NOT NULL DEFAULT CURRENT_TIMESTAMP
) ENGINE=InnoDB DEFAULT CHARSET=utf8mb4 COLLATE=utf8mb4_unicode_ci;

--
-- 转存表中的数据 `question_options`
--

INSERT INTO `question_options` (`id`, `question_id`, `option_key`, `option_text`, `map_result_code`, `score_value`, `created_at`) VALUES
(1, 1, 'A', '关掉社交软件，一个人把之前想看的书和电影补掉。', 'A', 1, '2025-11-20 01:18:17'),
(2, 1, 'B', '约上熟悉的人，边喝咖啡边聊天散步，顺便拍点好看的照片。', 'B', 1, '2025-11-20 01:18:17'),
(3, 1, 'C', '列个清单：整理房间、复盘账单、规划下个月计划，一个个勾掉。', 'C', 1, '2025-11-20 01:18:17'),
(4, 1, 'D', '随便订一张车票，去一个没去过的地方逛一天再说。', 'D', 1, '2025-11-20 01:18:17'),
(5, 2, 'A', '先自己查资料、想方案，不太愿意第一时间开口求助。', 'A', 1, '2025-11-20 01:18:17'),
(6, 2, 'B', '找一个懂你的人，先把情绪说出来再想怎么办。', 'B', 1, '2025-11-20 01:18:17'),
(7, 2, 'C', '把问题拆成几块，分析每块的风险和成本，再做决策。', 'C', 1, '2025-11-20 01:18:17'),
(8, 2, 'D', '先随便选一个看起来最可行的方案试试看，边做边改。', 'D', 1, '2025-11-20 01:18:17'),
(9, 3, 'A', '我习惯把真实想法放在心里，不太习惯主动表达。', 'A', 1, '2025-11-20 01:18:17'),
(10, 3, 'B', '我容易想很多，也容易受伤，不敢太快投入关系。', 'B', 1, '2025-11-20 01:18:17'),
(11, 3, 'C', '我讲话太直接、太理性，很多人会觉得有点“冷”。', 'C', 1, '2025-11-20 01:18:17'),
(12, 3, 'D', '我节奏太快，总是自己先冲出去，别人跟不上。', 'D', 1, '2025-11-20 01:18:17'),
(13, 4, 'A', '找到一间安静、可控的小房子，把自己的小世界安顿好。', 'A', 1, '2025-11-20 01:18:17'),
(14, 4, 'B', '找到几家氛围喜欢的咖啡馆/书店，让自己有落脚的情绪据点。', 'B', 1, '2025-11-20 01:18:17'),
(15, 4, 'C', '熟悉交通、办好各种卡和手续，把所有不确定因素降到最低。', 'C', 1, '2025-11-20 01:18:17'),
(16, 4, 'D', '先随便住下来，边走边看，再慢慢调整要不要换地方。', 'D', 1, '2025-11-20 01:18:17'),
(17, 5, 'A', '在心里给自己打个勾，然后安静地开始下一件事。', 'A', 1, '2025-11-20 01:18:17'),
(18, 5, 'B', '想找一个懂你的人，好好分享当下的心情和细节。', 'B', 1, '2025-11-20 01:18:17'),
(19, 5, 'C', '复盘整个过程，想想哪里还能优化，下次做得更好。', 'C', 1, '2025-11-20 01:18:17'),
(20, 5, 'D', '立刻想：下一个目标是什么？趁状态好，再干一票。', 'D', 1, '2025-11-20 01:18:17'),
(21, 6, 'A', '马上告诉对方你怎么了，不喜欢憋着。', 'A', 1, '2025-11-20 02:23:37'),
(22, 6, 'B', '希望对方能主动察觉你的不对劲。', 'B', 1, '2025-11-20 02:23:37'),
(23, 6, 'C', '先自己缓缓，整理完情绪再说。', 'C', 1, '2025-11-20 02:23:37'),
(24, 6, 'D', '什么都不说，沉默处理。', 'D', 1, '2025-11-20 02:23:37'),
(25, 7, 'A', '立刻开口说明，越拖越糟。', 'A', 1, '2025-11-20 02:23:37'),
(26, 7, 'B', '焦虑又敏感，很想被安抚。', 'B', 1, '2025-11-20 02:23:37'),
(27, 7, 'C', '先冷静分析问题再沟通。', 'C', 1, '2025-11-20 02:23:37'),
(28, 7, 'D', '假装没事，把情绪压下去。', 'D', 1, '2025-11-20 02:23:37'),
(29, 8, 'A', '直接表达，哪怕有点冒失。', 'A', 1, '2025-11-20 02:23:37'),
(30, 8, 'B', '靠近、暗示、试探对方的反应。', 'B', 1, '2025-11-20 02:23:37'),
(31, 8, 'C', '保持礼貌的距离，慢慢观察。', 'C', 1, '2025-11-20 02:23:37'),
(32, 8, 'D', '越喜欢越不敢靠近。', 'D', 1, '2025-11-20 02:23:37'),
(33, 9, 'A', '第一时间说出来。', 'A', 1, '2025-11-20 02:23:37'),
(34, 9, 'B', '希望有人能抱抱你、安慰你。', 'B', 1, '2025-11-20 02:23:37'),
(35, 9, 'C', '沉默处理，不太愿意麻烦别人。', 'C', 1, '2025-11-20 02:23:37'),
(36, 9, 'D', '把所有情绪关起来，表现得像没事人。', 'D', 1, '2025-11-20 02:23:37'),
(37, 10, 'A', '热情明显，主动靠近。', 'A', 1, '2025-11-20 02:23:37'),
(38, 10, 'B', '想要更多确认和回应。', 'B', 1, '2025-11-20 02:23:37'),
(39, 10, 'C', '保持自控，慢慢推进。', 'C', 1, '2025-11-20 02:23:37'),
(40, 10, 'D', '退一步，深怕表现太多被看穿。', 'D', 1, '2025-11-20 02:23:37'),
(63, 14, 'A', '主动自我介绍，带着一点组织气质。', 'E:2,R:1', 1, '2025-11-20 02:47:12'),
(64, 14, 'B', '安静观察，慢慢找到舒服的说话对象。', 'I:2,R:1', 1, '2025-11-20 02:47:12'),
(65, 14, 'C', '快速融入聊天，顺着情绪聊什么都行。', 'E:2,F:1', 1, '2025-11-20 02:47:12'),
(66, 14, 'D', '更多是在旁边听，偶尔插一句感受。', 'I:2,F:1', 1, '2025-11-20 02:47:12'),
(67, 15, 'A', '事实、数据、逻辑分析。', 'R:3', 1, '2025-11-20 02:47:25'),
(68, 15, 'B', '当下的感觉，心里舒不舒服。', 'F:3', 1, '2025-11-20 02:47:25'),
(69, 15, 'C', '身边重要人的意见。', 'F:2,E:1', 1, '2025-11-20 02:47:25'),
(70, 15, 'D', '自己静下心来独立思考。', 'R:2,I:1', 1, '2025-11-20 02:47:25'),
(71, 16, 'A', '一个人安静充电：看书/刷片/发呆。', 'I:2,R:1', 1, '2025-11-20 02:47:31'),
(72, 16, 'B', '和朋友聚一聚，说说最近发生的事。', 'E:2,F:1', 1, '2025-11-20 02:47:31'),
(73, 16, 'C', '做点提升自己的事，比如学习/规划。', 'R:2,I:1', 1, '2025-11-20 02:47:31'),
(74, 16, 'D', '看心情，和谁一起、去哪都没关系。', 'E:1,F:2', 1, '2025-11-20 02:47:31'),
(115, 27, 'A', '太好了，终于有人救我离开工位了', 'A', 4, '2025-11-20 13:42:51'),
(116, 27, 'B', '看看是谁、约什么，再决定要不要去~', 'B', 3, '2025-11-20 13:42:51'),
(117, 27, 'C', '有点累，但如果是熟人我还是会勉强答应', 'C', 2, '2025-11-20 13:42:51'),
(118, 27, 'D', '想都不用想，脑子先说“拒绝”，嘴巴再找理由', 'D', 1, '2025-11-20 13:42:51'),
(119, 28, 'A', '自然成为聊天中心，话题从不冷场', 'A', 4, '2025-11-20 13:42:51'),
(120, 28, 'B', '有人cue就说，说得还不算少', 'B', 3, '2025-11-20 13:42:51'),
(121, 28, 'C', '安静听别人说话，偶尔补充一两句', 'C', 2, '2025-11-20 13:42:51'),
(122, 28, 'D', '一直在想什么时候可以礼貌撤退', 'D', 1, '2025-11-20 13:42:51'),
(123, 29, 'A', '几乎没有，我一直在线，随时能聊', 'A', 4, '2025-11-20 13:42:51'),
(124, 29, 'B', '一周 1 次左右，需要小小断联一下', 'B', 3, '2025-11-20 13:42:51'),
(125, 29, 'C', '一周 2–3 次，经常需要关掉世界', 'C', 2, '2025-11-20 13:42:51'),
(126, 29, 'D', '几乎每天都在，连未读消息都成了压力', 'D', 1, '2025-11-20 13:42:51'),
(127, 30, 'A', '没感觉，大家忙很正常，我继续发', 'A', 4, '2025-11-20 13:42:51'),
(128, 30, 'B', '有一点点尴尬，但也还能自我消化', 'B', 3, '2025-11-20 13:42:51'),
(129, 30, 'C', '会怀疑是不是自己话太多、太打扰', 'C', 2, '2025-11-20 13:42:51'),
(130, 30, 'D', '立刻决定：以后少说，甚至不说', 'D', 1, '2025-11-20 13:42:51'),
(131, 31, 'A', '人生高光时刻！安排上！', 'A', 4, '2025-11-20 13:42:51'),
(132, 31, 'B', '有点开心也有点累，但总体是期待的', 'B', 3, '2025-11-20 13:42:51'),
(133, 31, 'C', '小小焦虑，开始计算自己的“精力余额”', 'C', 2, '2025-11-20 13:42:51'),
(134, 31, 'D', '头皮发麻，只想把所有邀请都延期到“改天再说”', 'D', 1, '2025-11-20 13:42:51'),
(135, 32, 'A', '找个舒服的位置看大家', NULL, 1, '2025-11-21 05:59:06'),
(136, 32, 'B', '靠近熟悉的人旁边', NULL, 1, '2025-11-21 05:59:06'),
(137, 32, 'C', '自然融入聊天，哪里都行', NULL, 1, '2025-11-21 05:59:06'),
(138, 32, 'D', '一会儿这边晃晃、一会儿那边闹闹', NULL, 1, '2025-11-21 05:59:06'),
(139, 33, 'A', '顺着对方的话题继续问', NULL, 1, '2025-11-21 05:59:06'),
(140, 33, 'B', '观察他们的表达方式', NULL, 1, '2025-11-21 05:59:06'),
(141, 33, 'C', '很快找到能聊得起来的点', NULL, 1, '2025-11-21 05:59:06'),
(142, 33, 'D', '给对方来一句不按套路的玩笑', NULL, 1, '2025-11-21 05:59:06'),
(143, 34, 'A', '点点头，慢慢观察对方', NULL, 1, '2025-11-21 05:59:06'),
(144, 34, 'B', '主动问对方：你怎么认识他们的？', NULL, 1, '2025-11-21 05:59:06'),
(145, 34, 'C', '轻松微笑，让对方不尴尬', NULL, 1, '2025-11-21 05:59:06'),
(146, 34, 'D', '丢一句意想不到的自我介绍', NULL, 1, '2025-11-21 05:59:06'),
(147, 35, 'A', '保持安静，看情况再说', NULL, 1, '2025-11-21 05:59:06'),
(148, 35, 'B', '用一句轻松的话让气氛恢复', NULL, 1, '2025-11-21 05:59:06'),
(149, 35, 'C', '主动挑个话题拉起氛围', NULL, 1, '2025-11-21 05:59:06'),
(150, 35, 'D', '来个夸张的反应活跃一下', NULL, 1, '2025-11-21 05:59:06'),
(151, 36, 'A', '不多不少的交流刚刚好', NULL, 1, '2025-11-21 05:59:06'),
(152, 36, 'B', '自由流动，说话随性', NULL, 1, '2025-11-21 05:59:06'),
(153, 36, 'C', '走到哪里都能找到人聊', NULL, 1, '2025-11-21 05:59:06'),
(154, 36, 'D', '少量但质量高的对话', NULL, 1, '2025-11-21 05:59:06'),
(155, 37, 'A', '温柔简短，不打扰型', NULL, 1, '2025-11-21 05:59:06'),
(156, 37, 'B', '偶尔发一条深度见解', NULL, 1, '2025-11-21 05:59:06'),
(157, 37, 'C', '活跃，带节奏型', NULL, 1, '2025-11-21 05:59:06'),
(158, 37, 'D', '发表情包、梗图、搞怪型', NULL, 1, '2025-11-21 05:59:06'),
(159, 38, 'A', '这人挺放松自然的', NULL, 1, '2025-11-21 05:59:06'),
(160, 38, 'B', '这人看起来腼腆、安静', NULL, 1, '2025-11-21 05:59:06'),
(161, 38, 'C', '这人好像挺有气场', NULL, 1, '2025-11-21 05:59:06'),
(162, 38, 'D', '这人有点好笑', NULL, 1, '2025-11-21 05:59:06'),
(163, 39, 'A', '慢慢陪伴，自然熟', NULL, 1, '2025-11-21 05:59:06'),
(164, 39, 'B', '主动约、主动聊', NULL, 1, '2025-11-21 05:59:06'),
(165, 39, 'C', '用深度话题建立联系', NULL, 1, '2025-11-21 05:59:06'),
(166, 39, 'D', '用反差和幽默吸引对方', NULL, 1, '2025-11-21 05:59:06'),
(167, 40, 'A', '稳稳当当点几个大家都能接受的', NULL, 1, '2025-11-21 05:59:06'),
(168, 40, 'B', '先观察菜品再选择', NULL, 1, '2025-11-21 05:59:06'),
(169, 40, 'C', '迅速点完：就这些吧', NULL, 1, '2025-11-21 05:59:06'),
(170, 40, 'D', '点个奇怪但好玩的菜', NULL, 1, '2025-11-21 05:59:06'),
(171, 41, 'A', '先做个缓冲，想清楚再说', NULL, 1, '2025-11-21 05:59:06'),
(172, 41, 'B', '平稳地接话，不让人尴尬', NULL, 1, '2025-11-21 05:59:06'),
(173, 41, 'C', '果断开始说', NULL, 1, '2025-11-21 05:59:06'),
(174, 41, 'D', '讲个笑点破冰', NULL, 1, '2025-11-21 05:59:06'),
(175, 42, 'A', '安静适应一会儿', NULL, 1, '2025-11-21 05:59:06'),
(176, 42, 'B', '跟身边的人轻松聊几句', NULL, 1, '2025-11-21 05:59:06'),
(177, 42, 'C', '迅速找到熟悉区', NULL, 1, '2025-11-21 05:59:06'),
(178, 42, 'D', '乱晃乱看，到处探一探', NULL, 1, '2025-11-21 05:59:06'),
(179, 43, 'A', '稳稳的，不吵也不抢', NULL, 1, '2025-11-21 05:59:06'),
(180, 43, 'B', '在关键处发言，别人会听', NULL, 1, '2025-11-21 05:59:06'),
(181, 43, 'C', '倾向于带方向', NULL, 1, '2025-11-21 05:59:06'),
(182, 43, 'D', '偶尔冒出一句让大家笑', NULL, 1, '2025-11-21 05:59:06'),
(183, 44, 'A', '轻轻陪着他们', NULL, 1, '2025-11-21 05:59:06'),
(184, 44, 'B', '分析事情，帮他们看清楚', NULL, 1, '2025-11-21 05:59:06'),
(185, 44, 'C', '快速度给对方安全感：有我在', NULL, 1, '2025-11-21 05:59:06'),
(186, 44, 'D', '想办法逗对方笑', NULL, 1, '2025-11-21 05:59:06'),
(187, 45, 'A', '先理解对方是不是无心的', NULL, 1, '2025-11-21 05:59:06'),
(188, 45, 'B', '马上澄清：你是对事不是对我吧', NULL, 1, '2025-11-21 05:59:06'),
(189, 45, 'C', '默默观察，不急着反击', NULL, 1, '2025-11-21 05:59:06'),
(190, 45, 'D', '用幽默先挡一下：哎呀我这么拉吗', NULL, 1, '2025-11-21 05:59:06'),
(191, 46, 'A', '小心翼翼地找原因', NULL, 1, '2025-11-21 05:59:06'),
(192, 46, 'B', '思考是不是对方自己的情绪问题', NULL, 1, '2025-11-21 05:59:06'),
(193, 46, 'C', '主动问清楚发生了什么', NULL, 1, '2025-11-21 05:59:06'),
(194, 46, 'D', '试着发点轻松搞怪的消息', NULL, 1, '2025-11-21 05:59:06'),
(195, 47, 'A', '给自己一点时间和空间', NULL, 1, '2025-11-21 05:59:06'),
(196, 47, 'B', '找一个可以说话的人', NULL, 1, '2025-11-21 05:59:06'),
(197, 47, 'C', '去做点让自己有掌控感的事', NULL, 1, '2025-11-21 05:59:06'),
(198, 47, 'D', '看点搞笑内容，把情绪冲淡', NULL, 1, '2025-11-21 05:59:06'),
(199, 48, 'A', '冷静找线索，先分析情况', NULL, 1, '2025-11-21 05:59:06'),
(200, 48, 'B', '先让身边的人别担心', NULL, 1, '2025-11-21 05:59:06'),
(201, 48, 'C', '立刻采取行动处理', NULL, 1, '2025-11-21 05:59:06'),
(202, 48, 'D', '自嘲一句，我真是绝了', NULL, 1, '2025-11-21 05:59:06'),
(203, 49, 'A', '先理解对方是不是情绪不好', NULL, 1, '2025-11-21 05:59:06'),
(204, 49, 'B', '马上确认对方是在对事发火', NULL, 1, '2025-11-21 05:59:06'),
(205, 49, 'C', '默默观察，不急着回应', NULL, 1, '2025-11-21 05:59:06'),
(206, 49, 'D', '用玩笑化解：哎呦我做错啥了', NULL, 1, '2025-11-21 05:59:06'),
(207, 50, 'A', '想办法让气氛缓下来', NULL, 1, '2025-11-21 05:59:06'),
(208, 50, 'B', '快速指出问题在哪里', NULL, 1, '2025-11-21 05:59:06'),
(209, 50, 'C', '等大家冷静一点再谈', NULL, 1, '2025-11-21 05:59:06'),
(210, 50, 'D', '开个玩笑打破僵局', NULL, 1, '2025-11-21 05:59:06'),
(211, 51, 'A', '我在，你不用急着好起来', NULL, 1, '2025-11-21 05:59:06'),
(212, 51, 'B', '你已经做得很好了', NULL, 1, '2025-11-21 05:59:06'),
(213, 51, 'C', '你想聊聊吗？我想听听你的想法', NULL, 1, '2025-11-21 05:59:06'),
(214, 51, 'D', '来，我让你笑一下', NULL, 1, '2025-11-21 05:59:06'),
(215, 52, 'A', '温柔与小心翼翼', NULL, 1, '2025-11-21 05:59:06'),
(216, 52, 'B', '想表现得稳重聪明', NULL, 1, '2025-11-21 05:59:06'),
(217, 52, 'C', '有点想主动，有点想掌控节奏', NULL, 1, '2025-11-21 05:59:06'),
(218, 52, 'D', '反而变得有点傻、有点好笑', NULL, 1, '2025-11-21 05:59:06'),
(219, 53, 'A', '寻找一个安静的空间独处', NULL, 1, '2025-11-21 05:59:06'),
(220, 53, 'B', '想找一个能拥抱你的人', NULL, 1, '2025-11-21 05:59:06'),
(221, 53, 'C', '说些重话让自己重新站稳', NULL, 1, '2025-11-21 05:59:06'),
(222, 53, 'D', '拼命用搞笑的方式把坏情绪赶走', NULL, 1, '2025-11-21 05:59:06'),
(223, 54, 'A', '轻轻听着，给予温柔回应', NULL, 1, '2025-11-21 05:59:06'),
(224, 54, 'B', '提出解决方案', NULL, 1, '2025-11-21 05:59:06'),
(225, 54, 'C', '用提问帮对方看清自己', NULL, 1, '2025-11-21 05:59:06'),
(226, 54, 'D', '用轻松方式让对方没那么难过', NULL, 1, '2025-11-21 05:59:06'),
(227, 55, 'A', '做些小事帮他缓解现实压力', NULL, 1, '2025-11-21 05:59:06'),
(228, 55, 'B', '拉着对方一起解决问题', NULL, 1, '2025-11-21 05:59:06'),
(229, 55, 'C', '帮他重新梳理思路', NULL, 1, '2025-11-21 05:59:06'),
(230, 55, 'D', '想办法逗对方重振精神', NULL, 1, '2025-11-21 05:59:06'),
(231, 56, 'A', '这件事让我感觉舒服吗', NULL, 1, '2025-11-21 05:59:06'),
(232, 56, 'B', '这件事有没有逻辑', NULL, 1, '2025-11-21 05:59:06'),
(233, 56, 'C', '这是不是能快速推进', NULL, 1, '2025-11-21 05:59:06'),
(234, 56, 'D', '这好不好玩', NULL, 1, '2025-11-21 05:59:06'),
(235, 57, 'A', '想对方是不是很忙，不会怪', NULL, 1, '2025-11-21 05:59:06'),
(236, 57, 'B', '分析对方平时的沟通习惯', NULL, 1, '2025-11-21 05:59:06'),
(237, 57, 'C', '直接发一句：在吗', NULL, 1, '2025-11-21 05:59:06'),
(238, 57, 'D', '发个表情包缓和自己的焦虑', NULL, 1, '2025-11-21 05:59:06'),
(239, 58, 'A', '安全感与舒服的节奏', NULL, 1, '2025-11-21 05:59:06'),
(240, 58, 'B', '对方是否能跟你深度对话', NULL, 1, '2025-11-21 05:59:06'),
(241, 58, 'C', '对方是否有行动力、可靠', NULL, 1, '2025-11-21 05:59:06'),
(242, 58, 'D', '对方是不是有趣、有点反差', NULL, 1, '2025-11-21 05:59:06'),
(243, 59, 'A', '温柔，不强推观点', NULL, 1, '2025-11-21 05:59:06'),
(244, 59, 'B', '想清楚再开口', NULL, 1, '2025-11-21 05:59:06'),
(245, 59, 'C', '简单直接', NULL, 1, '2025-11-21 05:59:06'),
(246, 59, 'D', '不拘小节，轻松自然', NULL, 1, '2025-11-21 05:59:06'),
(247, 60, 'A', '慢慢拆开，让对方好消化', NULL, 1, '2025-11-21 05:59:06'),
(248, 60, 'B', '抽象成几个核心点', NULL, 1, '2025-11-21 05:59:06'),
(249, 60, 'C', '迅速说重点', NULL, 1, '2025-11-21 05:59:06'),
(250, 60, 'D', '用夸张或比喻搞笑表达', NULL, 1, '2025-11-21 05:59:06'),
(251, 61, 'A', '觉得对方说话让人很安心', NULL, 1, '2025-11-21 05:59:06'),
(252, 61, 'B', '想从对方那里学点东西', NULL, 1, '2025-11-21 05:59:06'),
(253, 61, 'C', '想跟对方较劲一下', NULL, 1, '2025-11-21 05:59:06'),
(254, 61, 'D', '想逗逗对方，看他什么反应', NULL, 1, '2025-11-21 05:59:06'),
(255, 62, 'A', '小心确认，不想给对方压力', NULL, 1, '2025-11-21 05:59:06'),
(256, 62, 'B', '先观察他对别人是不是也这样', NULL, 1, '2025-11-21 05:59:06'),
(257, 62, 'C', '跟对方的互动变得更大胆一点', NULL, 1, '2025-11-21 05:59:06'),
(258, 62, 'D', '先开个玩笑试探一下', NULL, 1, '2025-11-21 05:59:06'),
(259, 63, 'A', '慢慢消化，慢慢推进', NULL, 1, '2025-11-21 05:59:06'),
(260, 63, 'B', '先理清结构，再行动', NULL, 1, '2025-11-21 05:59:06'),
(261, 63, 'C', '看到问题就立刻处理', NULL, 1, '2025-11-21 05:59:06'),
(262, 63, 'D', '边处理边即兴发挥', NULL, 1, '2025-11-21 05:59:06'),
(263, 64, 'A', '温柔、可靠、节奏稳的人', NULL, 1, '2025-11-21 05:59:06'),
(264, 64, 'B', '思考深、有观点的人', NULL, 1, '2025-11-21 05:59:06'),
(265, 64, 'C', '行动力强、有气场的人', NULL, 1, '2025-11-21 05:59:06'),
(266, 64, 'D', '有点疯、有趣、不按常理的人', NULL, 1, '2025-11-21 05:59:06'),
(267, 65, 'A', '分享自己真实的情绪', NULL, 1, '2025-11-21 05:59:06'),
(268, 65, 'B', '开始聊人生、世界、意义', NULL, 1, '2025-11-21 05:59:06'),
(269, 65, 'C', '主动带节奏，让对话更热', NULL, 1, '2025-11-21 05:59:06'),
(270, 65, 'D', '进入搞怪模式，越聊越离谱', NULL, 1, '2025-11-21 05:59:06'),
(271, 66, 'A', '先理解对方为什么这么想', NULL, 1, '2025-11-21 05:59:06'),
(272, 66, 'B', '分析对方观点的逻辑', NULL, 1, '2025-11-21 05:59:06'),
(273, 66, 'C', '直接表达自己的看法', NULL, 1, '2025-11-21 05:59:06'),
(274, 66, 'D', '用轻松幽默的方式反驳', NULL, 1, '2025-11-21 05:59:06'),
(275, 67, 'A', '做很多细小的关心', NULL, 1, '2025-11-21 05:59:06'),
(276, 67, 'B', '跟对方进行深入交流', NULL, 1, '2025-11-21 05:59:06'),
(277, 67, 'C', '主动找对方，主动约见', NULL, 1, '2025-11-21 05:59:06'),
(278, 67, 'D', '用玩笑、调侃、反差表达', NULL, 1, '2025-11-21 05:59:06'),
(279, 68, 'A', '有点甜，心都软了', NULL, 1, '2025-11-21 05:59:06'),
(280, 68, 'B', '好奇对方现在在想什么', NULL, 1, '2025-11-21 05:59:06'),
(281, 68, 'C', '兴奋，马上继续聊', NULL, 1, '2025-11-21 05:59:06'),
(282, 68, 'D', '回对方一句有趣的话', NULL, 1, '2025-11-21 05:59:06'),
(283, 69, 'A', '害羞地笑一下', NULL, 1, '2025-11-21 05:59:06'),
(284, 69, 'B', '问：你在想什么', NULL, 1, '2025-11-21 05:59:06'),
(285, 69, 'C', '看着对方的眼睛，直接回应', NULL, 1, '2025-11-21 05:59:06'),
(286, 69, 'D', '开玩笑打断：你看啥呢', NULL, 1, '2025-11-21 05:59:06'),
(287, 70, 'A', '温柔与细腻', NULL, 1, '2025-11-21 05:59:06'),
(288, 70, 'B', '深度与智慧', NULL, 1, '2025-11-21 05:59:06'),
(289, 70, 'C', '自信与气场', NULL, 1, '2025-11-21 05:59:06'),
(290, 70, 'D', '有趣与反差', NULL, 1, '2025-11-21 05:59:06'),
(291, 71, 'A', '提供情绪支持，让对方安心', NULL, 1, '2025-11-21 05:59:06'),
(292, 71, 'B', '给对方思路，陪他分析未来', NULL, 1, '2025-11-21 05:59:06'),
(293, 71, 'C', '安排见面，主动推进关系', NULL, 1, '2025-11-21 05:59:06'),
(294, 71, 'D', '用轻松随性的方式靠近对方', NULL, 1, '2025-11-21 05:59:06'),
(295, 72, 'A', '先稳住情绪，让大家不慌', NULL, 1, '2025-11-21 05:59:06'),
(296, 72, 'B', '迅速找出问题核心', NULL, 1, '2025-11-21 05:59:06'),
(297, 72, 'C', '直接站出来定方向', NULL, 1, '2025-11-21 05:59:06'),
(298, 72, 'D', '说一句轻松的话把大家从紧张里拉出来', NULL, 1, '2025-11-21 05:59:06'),
(299, 73, 'A', '情绪变得更柔软，想哭想说', NULL, 1, '2025-11-21 05:59:06'),
(300, 73, 'B', '变得更沉默、更冷静', NULL, 1, '2025-11-21 05:59:06'),
(301, 73, 'C', '变得更果断、更强硬', NULL, 1, '2025-11-21 05:59:06'),
(302, 73, 'D', '更容易搞怪或说反话', NULL, 1, '2025-11-21 05:59:06'),
(303, 74, 'A', '想理解对方是不是无心的', NULL, 1, '2025-11-21 05:59:06'),
(304, 74, 'B', '注意到对方表达背后的动机', NULL, 1, '2025-11-21 05:59:06'),
(305, 74, 'C', '直接表明你不舒服', NULL, 1, '2025-11-21 05:59:06'),
(306, 74, 'D', '用调侃把不舒服化掉', NULL, 1, '2025-11-21 05:59:06'),
(307, 75, 'A', '先看每个人的情绪状态', NULL, 1, '2025-11-21 05:59:06'),
(308, 75, 'B', '考虑利弊与逻辑', NULL, 1, '2025-11-21 05:59:06'),
(309, 75, 'C', '直接定一个方向', NULL, 1, '2025-11-21 05:59:06'),
(310, 75, 'D', '用轻松方式缓解压力再回答', NULL, 1, '2025-11-21 05:59:06'),
(311, 76, 'A', '更安静，希望有人照顾你', NULL, 1, '2025-11-21 05:59:06'),
(312, 76, 'B', '不想说话，只想独处', NULL, 1, '2025-11-21 05:59:06'),
(313, 76, 'C', '更容易发火或不耐烦', NULL, 1, '2025-11-21 05:59:06'),
(314, 76, 'D', '反而容易变得很疯、很搞笑', NULL, 1, '2025-11-21 05:59:06'),
(315, 77, 'A', '小心解释，让关系不要坏掉', NULL, 1, '2025-11-21 05:59:06'),
(316, 77, 'B', '回想对方是不是误解了你', NULL, 1, '2025-11-21 05:59:06'),
(317, 77, 'C', '直接说明你不认同', NULL, 1, '2025-11-21 05:59:06'),
(318, 77, 'D', '用轻松或夸张的方式回应', NULL, 1, '2025-11-21 05:59:06'),
(319, 78, 'A', '会小声对自己说：没事，我能撑住', NULL, 1, '2025-11-21 05:59:06'),
(320, 78, 'B', '脑子会自动变得更清晰', NULL, 1, '2025-11-21 05:59:06'),
(321, 78, 'C', '会开始掌控一切，让自己稳住', NULL, 1, '2025-11-21 05:59:06'),
(322, 78, 'D', '会突然变得很爱搞笑来解压', NULL, 1, '2025-11-21 05:59:06'),
(323, 79, 'A', '一句温柔的理解', NULL, 1, '2025-11-21 05:59:06'),
(324, 79, 'B', '能把事情理清楚的空间', NULL, 1, '2025-11-21 05:59:06'),
(325, 79, 'C', '能立刻解决问题的方法', NULL, 1, '2025-11-21 05:59:06'),
(326, 79, 'D', '能让你笑出来的瞬间', NULL, 1, '2025-11-21 05:59:06'),
(327, 80, 'A', '寻找能让你安心的存在', NULL, 1, '2025-11-21 05:59:06'),
(328, 80, 'B', '退回内心，让自己冷静', NULL, 1, '2025-11-21 05:59:06'),
(329, 80, 'C', '变得更拼，硬撑过去', NULL, 1, '2025-11-21 05:59:06'),
(330, 80, 'D', '转移注意力去做点好玩的事', NULL, 1, '2025-11-21 05:59:06'),
(331, 81, 'A', '温柔但脆弱的人', NULL, 1, '2025-11-21 05:59:06'),
(332, 81, 'B', '安静但聪明的人', NULL, 1, '2025-11-21 05:59:06'),
(333, 81, 'C', '强硬但可靠的人', NULL, 1, '2025-11-21 05:59:06'),
(334, 81, 'D', '疲惫但依然好笑的人', NULL, 1, '2025-11-21 05:59:06'),
(383, 76, 'A', '有点不安，会想是不是我做错了什么', NULL, 0, '2025-11-21 11:29:08'),
(384, 76, 'B', '有点失落但觉得对方可能在忙', NULL, 0, '2025-11-21 11:29:08'),
(385, 76, 'C', '并不特别焦虑，觉得舒服，轻松', NULL, 0, '2025-11-21 11:29:08'),
(386, 76, 'D', '松了一口气，终于有个人空间', NULL, 0, '2025-11-21 11:29:08'),
(391, 115, 'A', '关掉手机，一个人待在自己的小空间里，看书、发呆、收拾房间。', NULL, 0, '2025-11-21 11:41:20'),
(392, 115, 'B', '立刻在群里问：谁有空？约饭、看电影、逛街都可以。', NULL, 0, '2025-11-21 11:41:20'),
(393, 115, 'C', '打开地图，找一家新店或者一个没去过的地方，一个人去探索。', NULL, 0, '2025-11-21 11:41:20'),
(394, 115, 'D', '慢慢洗漱、穿好衣服，找个好看的咖啡馆坐一下午，顺便拍点好看的照片。', NULL, 0, '2025-11-21 11:41:20'),
(395, 116, 'A', '先听别人说完，再补充一两句关键的观点。', NULL, 0, '2025-11-21 11:41:20'),
(396, 116, 'B', '积极参与，从头聊到尾，尽量让每个人都能接上话。', NULL, 0, '2025-11-21 11:41:20'),
(397, 116, 'C', '偶尔插一句偏题、好笑或清奇的想法，让大家笑一下。', NULL, 0, '2025-11-21 11:41:20'),
(398, 116, 'D', '在旁边静静听，偶尔点头，更多是感受大家的情绪。', NULL, 0, '2025-11-21 11:41:20'),
(399, 117, 'A', '找个地方躲雨，顺便观察周围的人和发生的事情。', NULL, 0, '2025-11-21 11:41:20'),
(400, 117, 'B', '给朋友发消息：你在哪？顺便看有没有人顺路带把伞。', NULL, 0, '2025-11-21 11:41:20'),
(401, 117, 'C', '直接冲到最近的商店，买伞或雨衣，迅速解决问题。', NULL, 0, '2025-11-21 11:41:20'),
(402, 117, 'D', '摊摊手，慢慢走，反正淋一会儿雨也没关系，说不定还挺浪漫。', NULL, 0, '2025-11-21 11:41:20'),
(403, 118, 'A', '先递纸巾、倒水，再问：“你想说说吗？我在这儿听着。”', NULL, 0, '2025-11-21 11:41:20'),
(404, 118, 'B', '一边听一边帮 TA 梳理事情的来龙去脉，分析可能的解决方案。', NULL, 0, '2025-11-21 11:41:20'),
(405, 118, 'C', '说：“走，我们先出去透透气/吃点好吃的，再慢慢聊。”', NULL, 0, '2025-11-21 11:41:20'),
(406, 118, 'D', '心很软，眼眶也有点湿，说话很轻，只想好好抱一下对方。', NULL, 0, '2025-11-21 11:41:20'),
(407, 119, 'A', '自由感：我们相爱，但彼此保留独处和神秘的空间。', NULL, 0, '2025-11-21 11:41:20'),
(408, 119, 'B', '确定感：知道对方不会轻易离开，有事可以随时找。', NULL, 0, '2025-11-21 11:41:20'),
(409, 119, 'C', '好玩感：一起成长、一起搞事情、不无聊。', NULL, 0, '2025-11-21 11:41:20'),
(410, 119, 'D', '理解感：不一定每天黏在一起，但彼此懂对方心里的事。', NULL, 0, '2025-11-21 11:41:20'),
(411, 120, 'A', '只要不伤害别人，我更想按照自己的节奏来。', NULL, 0, '2025-11-21 11:41:20'),
(412, 120, 'B', '有些基本的规则是为了大家都舒服，我会尽量遵守。', NULL, 0, '2025-11-21 11:41:20'),
(413, 120, 'C', '先看规则有没有漏洞，必要时我也会灵活变通。', NULL, 0, '2025-11-21 11:41:20'),
(414, 120, 'D', '我会先问：这个规则背后是出于什么考虑？', NULL, 0, '2025-11-21 11:41:20'),
(415, 121, 'A', '注意脚步声、灯光和周围的人，警觉但不多想。', NULL, 0, '2025-11-21 11:41:20'),
(416, 121, 'B', '想到一些画面、故事，甚至有点享受这种孤独感。', NULL, 0, '2025-11-21 11:41:20'),
(417, 121, 'C', '默默盘点今天发生的事，像在做日记的目录。', NULL, 0, '2025-11-21 11:41:20'),
(418, 121, 'D', '赶紧发个消息给朋友：“我现在一个人走夜路，陪我聊会儿。”', NULL, 0, '2025-11-21 11:41:20'),
(419, 122, 'A', '“你可以不用每次都自己扛着，我在。”', NULL, 0, '2025-11-21 11:41:20'),
(420, 122, 'B', '“不管你现在什么样，我都还在这儿。”', NULL, 0, '2025-11-21 11:41:20'),
(421, 122, 'C', '“我好佩服你，总能想到别人想不到的办法。”', NULL, 0, '2025-11-21 11:41:20'),
(422, 122, 'D', '“我好像比别人更看得懂你。”', NULL, 0, '2025-11-21 11:41:20'),
(423, 123, 'A', '一座城市里的小公寓，有窗、有书、有 Wi-Fi、有你的小世界。', NULL, 0, '2025-11-21 11:41:20'),
(424, 123, 'B', '一个有很多朋友、邻居的社区，大家经常串门聊天。', NULL, 0, '2025-11-21 11:41:20'),
(425, 123, 'C', '一个靠海的小镇，可以每天看海、认识新的人。', NULL, 0, '2025-11-21 11:41:20'),
(426, 123, 'D', '一片安静的森林边缘，有漂亮的自然风景和不太多的人。', NULL, 0, '2025-11-21 11:41:20'),
(427, 124, 'A', '沉默下来，把距离拉开，先不解释。', NULL, 0, '2025-11-21 11:41:20'),
(428, 124, 'B', '立刻解释清楚，希望对方不要带着这个误会。', NULL, 0, '2025-11-21 11:41:20'),
(429, 124, 'C', '挑一个合适的时机，用比较理性的方式讲清楚前因后果。', NULL, 0, '2025-11-21 11:41:20'),
(430, 124, 'D', '嘴上说“随便你怎么想”，心里记住这件事很久。', NULL, 0, '2025-11-21 11:41:20'),
(431, 125, 'A', '轻轻地、安静地走，仿佛不太希望被注意到。', NULL, 0, '2025-11-21 11:41:20'),
(432, 125, 'B', '有点小跑，见到熟人会主动挥手打招呼。', NULL, 0, '2025-11-21 11:41:20'),
(433, 125, 'C', '步伐轻快，时不时改变路线，想到什么就去做什么。', NULL, 0, '2025-11-21 11:41:20'),
(434, 125, 'D', '节奏稳定、不急不慢，会顺便观察周围的一切。', NULL, 0, '2025-11-21 11:41:20'),
(435, 126, 'A', '“你不用对每个人都温柔，对自己好一点。”', NULL, 0, '2025-11-21 11:41:20'),
(436, 126, 'B', '“你已经看得很清楚了，不用再逼自己看得更透。”', NULL, 0, '2025-11-21 11:41:20'),
(437, 126, 'C', '“你不需要随时都很聪明，有时候笨一点也没问题。”', NULL, 0, '2025-11-21 11:41:20'),
(438, 126, 'D', '“离开那些让你不断收起自己的地方。”', NULL, 0, '2025-11-21 11:41:20'),
(439, 127, 'A', '像猫：窝在舒服的地方，一个人安静待着。', NULL, 0, '2025-11-22 04:11:04'),
(440, 127, 'B', '像狗：找人聊天、一起玩，热热闹闹才算休息。', NULL, 0, '2025-11-22 04:11:04'),
(441, 128, 'A', '有点慌，但还是会礼貌接待，给他们倒水、找话题。', NULL, 0, '2025-11-22 04:11:04'),
(442, 128, 'B', '内心崩溃，只想赶紧结束这场社交袭击。', NULL, 0, '2025-11-22 04:11:04'),
(443, 129, 'A', '“你很黏人，但让我觉得很安心。”', NULL, 0, '2025-11-22 04:11:04'),
(444, 129, 'B', '“你很独立，但我总觉得摸不太透你。”', NULL, 0, '2025-11-22 04:11:04');

-- --------------------------------------------------------

--
-- 表的结构 `results`
--

CREATE TABLE `results` (
  `id` int(10) UNSIGNED NOT NULL,
  `test_id` int(10) UNSIGNED NOT NULL,
  `code` varchar(50) COLLATE utf8mb4_unicode_ci NOT NULL,
  `title` varchar(255) COLLATE utf8mb4_unicode_ci NOT NULL,
  `description` text COLLATE utf8mb4_unicode_ci,
  `image_url` varchar(255) COLLATE utf8mb4_unicode_ci DEFAULT NULL,
  `min_score` decimal(10,2) DEFAULT NULL,
  `max_score` decimal(10,2) DEFAULT NULL,
  `created_at` datetime NOT NULL DEFAULT CURRENT_TIMESTAMP,
  `updated_at` datetime NOT NULL DEFAULT CURRENT_TIMESTAMP ON UPDATE CURRENT_TIMESTAMP
) ENGINE=InnoDB DEFAULT CHARSET=utf8mb4 COLLATE=utf8mb4_unicode_ci;

--
-- 转存表中的数据 `results`
--

INSERT INTO `results` (`id`, `test_id`, `code`, `title`, `description`, `image_url`, `min_score`, `max_score`, `created_at`, `updated_at`) VALUES
(1, 1, 'A', '独立型：一个人也能把日子过得很好', '你习惯把情绪“消化在心里”，不太喜欢把自己的困惑摊开给所有人看。\n\n在别人眼里，你像一座安静的岛：不吵不闹，有自己的节奏和规则。你会提前查好资料、计划路径、准备备选方案，不是因为多么焦虑，而是因为你讨厌“失控感”。\n\n你并不是不需要别人，而是更希望在靠近之前，先确认对方值得信任。真正走进你世界的人并不多，但一旦认定，你会用非常笃定、务实的方式陪他走很远。', NULL, NULL, NULL, '2025-11-20 01:14:10', '2025-11-20 01:14:10'),
(2, 1, 'B', '浪漫型：用情绪给生活打光的人', '你对世界的感受力，很可能远在平均线之上。\n\n别人路过的一场雨，你能记住雨声的节奏、气味的细节，以及那一刻自己心情的微妙起伏。你很难对“好好生活”这件事敷衍了事——一杯好喝的咖啡、一盏合适的灯光、一句被认真回应的话，都会让你觉得活着值得一点。\n\n你看起来有点敏感、有点多想，但正是这种敏锐，让你更容易发现细小的美好，也更容易在关系里给到别人“被理解”的感觉。', NULL, NULL, NULL, '2025-11-20 01:14:10', '2025-11-20 01:14:10'),
(3, 1, 'C', '理性型：先想清楚，再往前走半步', '你的大脑几乎永远处在“后台运算”状态：遇到问题先拆解，再评估成本和收益，然后选择一个你能接受的解法。\n\n你不太相信所谓的“命运安排”，也不习惯把决定交给情绪。对你来说，安全感来自信息、逻辑和对局面的掌控，而不是一句空洞的安慰话。\n\n在感情和人际关系中，你的迟疑并非冷漠，而是一种负责：你知道任何选择都要付出代价，所以宁可慢一点，也不愿意轻率承诺。久而久之，你会成为别人眼中“特别可靠的那个人”。', NULL, NULL, NULL, '2025-11-20 01:14:10', '2025-11-20 01:14:10'),
(4, 1, 'D', '行动派：边走边改，比想清楚更重要', '你不太喜欢停在原地“想太多”。\n\n在你看来，很多事就是：先试，再调整。等一切都想清楚、准备完全，机会往往已经过去。你对风险有感知，但对不动更有警惕——真正让你不安的不是犯错，而是白白拖延时间。\n\n你身上有一种很难被教出来的生命力：遇到突发情况时，别人还在懵，你已经开始找出口、试方案、拉人一起动起来。你也许不完美，但你永远在路上，这本身就是一种很稀缺的勇气。', NULL, NULL, NULL, '2025-11-20 01:14:10', '2025-11-20 01:14:10'),
(5, 2, 'A', '直觉型：心里有事会马上表达出来', '你的情绪流动很快，并且你不太习惯忍着。\n\n你在关系里通常是率真的那个：开心会分享，不开心会直接说。别人从你身上能感受到“透明感”。\n\n你希望关系是及时、真诚、随时可以靠近的。对你来说，有话不说才让你觉得危险。', NULL, NULL, NULL, '2025-11-20 02:25:34', '2025-11-20 02:25:34'),
(6, 2, 'B', '依恋型：渴望被理解，也害怕被忽略', '你对关系的敏感度很高，你能迅速察觉情绪的变化，但也更容易不安。\n\n你渴望被回应、被理解、被认真看见。你的表达往往带着一种“靠近的愿望”，但也容易在得不到回应时感到失落。\n\n这不是矫情，是你对亲密关系的期待深刻而认真。', NULL, NULL, NULL, '2025-11-20 02:25:34', '2025-11-20 02:25:34'),
(7, 2, 'C', '独立型：习惯先照顾自己，再决定是否表达', '你并不是不需要爱，而是更习惯依靠自己解决情绪。\n\n你会把心整理好，再决定要不要说。你表达情绪通常是“延迟式”的，不是因为冷，而是因为你需要时间处理自己。\n\n对你来说，不麻烦别人 = 一种体面与自我保护。', NULL, NULL, NULL, '2025-11-20 02:25:34', '2025-11-20 02:25:34'),
(8, 2, 'D', '隐藏型：越在乎的人面前越沉默', '你表达情绪的方式是“藏”。\n\n不是没感觉，只是太多感觉说不出口。你害怕暴露脆弱、害怕给别人带来负担，也害怕被看穿。\n\n你是那种“越重要越沉默”的类型，一旦被真正理解，你会变得非常稳定、深情。', NULL, NULL, NULL, '2025-11-20 02:25:34', '2025-11-20 02:25:34'),
(13, 3, 'IR', '冷静型（Thinking Introvert）', '你安静、冷静、观察力强，不喜欢被情绪淹没。你理解力很强，习惯先思考再行动，是关系里最稳定的那类人。', NULL, NULL, NULL, '2025-11-20 02:47:05', '2025-11-20 02:47:05'),
(14, 3, 'IF', '敏感型（Sensitive Introvert）', '你内敛、细腻、共情力强。你感受力远超常人，会在很小的细节里捕捉情绪变化，需要安全空间来安放你的敏感。', NULL, NULL, NULL, '2025-11-20 02:47:05', '2025-11-20 02:47:05'),
(15, 3, 'ER', '主导型（Leading Extrovert）', '你外向、决断、执行力强。你习惯站到一件事的前线，把事情往前推进，是团队里的“发动机”。', NULL, NULL, NULL, '2025-11-20 02:47:05', '2025-11-20 02:47:05'),
(16, 3, 'EF', '社交型（Emotional Extrovert）', '你热情、有感染力、情绪张力十足。你擅长点燃氛围、连接人群，渴望在互动中感到自己被需要、被看见。', NULL, NULL, NULL, '2025-11-20 02:47:05', '2025-11-20 02:47:05'),
(25, 6, 'A', '🌞 社交满格 · 你是今天的氛围担当!', '你今天的社交电量几乎是满格。和人待在一起对你来说不是消耗，反而像是某种“充电模式”。你愿意倾听，也乐于表达，很擅长营造轻松的聊天氛围。\r\n\r\n但要小心的一点是：有时候别人看不出你的累，只会觉得“你永远在线”。偶尔停一停、关一下手机、留一点时间只给自己，也是一种能力。真正长期的社交关系，不是一直热闹，而是允许彼此退场。', '', NULL, NULL, '2025-11-20 13:42:51', '2025-11-21 04:50:58'),
(26, 6, 'B', '🌤️ 社交适中 · 你懂得拿捏分寸', '你的社交电量大致处在一个“刚刚好”的区间。你既不会刻意逃避人群，也不太会把自己逼到极度疲惫。\r\n\r\n你很清楚：有些局是为了关系，有些局只是为了填补空白。所以你会挑选——挑舒服的关系，挑聊得来的人。\r\n\r\n你可以尝试的，是更直接地告诉别人：“我今天有点累，我们改天聊，好吗？”比起礼貌强撑，真诚说出自己的电量状态，更容易遇到真正懂你的人。!', '', NULL, NULL, '2025-11-20 13:42:51', '2025-11-21 04:51:01'),
(27, 6, 'C', '🌥️ 社交偏低 · 你在靠意志力撑场面', '你的社交电量正在往低处滑，更多时候，你是靠责任感和礼貌在支撑互动。\r\n\r\n你会回应，会配合，会点头微笑，但真正让你感到轻松、可以放下防备的聊天，并不算多。\r\n\r\n你可能需要的是——把“可以拒绝”写进自己的人生选项里：不用对每一次邀约都负责，不用对每一条消息都秒回。当你学会把精力从“维持关系”，转向“照顾自己”，你会发现，留下来的那部分关系，才是值得你花电量的。', '', NULL, NULL, '2025-11-20 13:42:51', '2025-11-21 04:50:50'),
(28, 6, 'D', '🌑 电量告急 · 请马上进入“自救模式”', '你现在的社交电量已经接近“红色预警”。你可能最近经历了很多：工作、情绪、家人、关系……所有的事情都在你身上挤了一遍，你却很少真正说出口。\n\n你不是不想联系别人，而是已经累到连“表达自己”都变成负担。这时候，你最需要做的不是再去努力维持谁，而是先停下来维持自己：\n\n· 允许自己短暂消失几天\n· 找一个不会评判你的人，只讲一点点心里的真实\n· 或者干脆关掉所有聊天框，只做一件最简单的小事：吃饭、睡觉、走路\n\n记住：那些真正爱你的人，关注的不是你今天有没有回消息，而是你，还有没有好好照顾自己。', NULL, NULL, NULL, '2025-11-20 13:42:51', '2025-11-20 13:53:31'),
(29, 7, 'QUIET_GLOW', '安静发光型 Quiet Glow', '你不是那种一进场就要抢镜头的人，但你有一种很耐看的存在感。你习惯先观察再参与，不喜欢无意义的喧闹，却能在关键时刻说出一句很戳心的话。在别人眼里，你安静、稳、深，有点神秘。越熟悉你，越能发现你的小细节、小体贴和小聪明。你的吸引力来自深度和克制，是那种慢慢看才会爱上的类型。', '', NULL, NULL, '2025-11-21 05:59:06', '2025-11-21 07:15:59'),
(30, 7, 'SOFT_WARMTH', '温柔治愈型 Soft Warmth', '你身上自带一种“让人松一口气”的氛围。别人跟你在一起，不需要很用力表现自己，也不用担心被评判。你会照顾别人的情绪，会听，也会适度回应，你不一定话多，但你给到的每一句话都刚刚好。你的吸引力来自温柔、共情和稳定，是那种很适合长期相处、越靠近越离不开的类型。', NULL, NULL, NULL, '2025-11-21 05:59:06', '2025-11-21 05:59:06'),
(31, 7, 'SHARP_EDGE', '自信锋芒型 Sharp Edge', '你走到哪里，存在感往往都不低。你有决断力、行动力，也敢表达自己，不太害怕冲突，更不喜欢拖泥带水。在别人眼里，你是有魄力、有掌控感的人，很适合在关键时刻站出来扛事。你的吸引力来自锋芒和力量感，是那种会被人暗暗依赖、同时又带着一点危险气质的类型。', NULL, NULL, NULL, '2025-11-21 05:59:06', '2025-11-21 05:59:06'),
(32, 7, 'CHAOTIC_FUN', '混乱有趣型 Chaotic Fun', '你可能不是最稳定的那一个，但几乎一定是最有趣的那一个。你脑洞大、反应快，说话经常出其不意，会用玩笑和反差化解很多尴尬场面。在别人眼里，你有点疯、有点不按牌理出牌，却很真实，很难被复制。你的吸引力来自幽默感、生命力和不确定性，是那种想到你就会笑一下的类型。', NULL, NULL, NULL, '2025-11-21 05:59:06', '2025-11-21 05:59:06'),
(33, 7, 'CALM_MAGNETIC', '深情克制型 Calm Magnetic', '你不太会把情绪铺在脸上，也不喜欢过度表演自己。你对关系有自己的节奏和标准，外表冷一点，内心却很细腻，很记得别人无意间说的话。你愿意花时间去理解一个人，但不一定愿意立刻说出口。你的吸引力来自深情、理性和隐忍，是那种不吵不闹、却让人总是想起的类型。', NULL, NULL, NULL, '2025-11-21 05:59:06', '2025-11-21 05:59:06'),
(39, 12, 'DREAMY_CAT', '独行梦境猫 Dreamy Cat', '你的灵魂动物是一只猫。不是那种到处蹭人、到处撒娇的小猫，而是那种有自己路线、有自己日程表的猫。你需要足够的个人空间来维持清醒和安全感，不喜欢被人随意闯入生活，更不喜欢被情绪勒索。你外表看起来有点冷淡或不好接近，但熟悉你的人知道，你并不是没感情，只是表达和投入都有自己的节奏。\r\n你给人的吸引力在于“独特的世界感”：你有自己的一套审美、习惯和原则，不会为了合群而扭曲自己。和你熟起来的人会发现，你的分享既真诚又挑剔，不是人人都能拿到的。优点是有边界、有自我、能独立生活；缺点是容易被误解为疏离、难靠近，也会在不安全时本能后退，错过一些可能的关系。', '', NULL, NULL, '2025-11-21 11:41:20', '2025-11-22 03:30:19'),
(40, 12, 'LOYAL_DOG', '热情守护犬 Loyal Dog', '你的灵魂动物是一只狗。你也许不是真的天天很开心，但你会为了重要的人用力热情。你记得别人的小习惯、小喜好，也愿意为了照顾别人稍微迁就自己一点。你重视的是“在”和“久”：平常可以不用说太多煽情的话，但有事你一定会出现，有难你一定会帮忙。\n你给人的吸引力是“被坚定地站在那边”的感觉——很多人会觉得和你在一起有安全感、有靠得住的实感。你身上有人味、烟火气和可靠感。优点是重情重义、有责任感；缺点是容易心太软，过度付出，最后发现自己反而是最被忽略的那个。有时候，你也需要学会收回一点忠诚，把那份守护分给自己。', NULL, NULL, NULL, '2025-11-21 11:41:20', '2025-11-21 11:41:20'),
(41, 12, 'CLEVER_FOX', '机智野狐 Clever Fox', '你的灵魂动物是一只狐狸。你聪明、反应快，有时候甚至有点狡黠。你不太喜欢一成不变的生活，会本能地去寻找新路线、新故事、新可能。你对人和事都有自己的判断，能迅速发现问题、找到突破口，所以常常成为群体里“有办法”的那一个。\n你给人的吸引力是一种“跟你在一起，生活会变得更好玩、事情不再无解”的感觉。你会在边缘处活动，不太喜欢被牢牢框住，也不愿意被人看死。优点是灵活、有主意、有行动力；缺点是有时显得不安定、耐心不足，也容易被贴上“不够靠谱”的标签。你需要学会的，是在聪明之外，也允许自己偶尔慢一点、笨一点，那样你会活得更松弛。', NULL, NULL, NULL, '2025-11-21 11:41:20', '2025-11-21 11:41:20'),
(42, 12, 'GENTLE_DEER', '温柔林间鹿 Gentle Deer', '你的灵魂动物是一只小鹿。你对于情绪、气氛和细节都非常敏感，能捕捉到别人脸色和语气的细微变化。你不喜欢冲突，更愿意用温和的方式与世界相处。你在意美感：环境舒不舒服、关系漂不漂亮、话说得好不好听，这些都会影响你的状态。\n你给人的吸引力是一种“轻轻靠近就能安心”的氛围，你不会用力压迫别人，而是让人放松地做自己。优点是共情力强、体贴、细腻，有审美和情绪的双重敏感；缺点是容易过度在意别人的眼光，也容易被环境的坏情绪拖下水。你有时候会把“不开心”吞下去，换成一句“没事啦”，其实心里受了不小的伤。请记得：你可以站在森林里，不必见到每一个猎人都点头。', NULL, NULL, NULL, '2025-11-21 11:41:20', '2025-11-21 11:41:20'),
(43, 12, 'WISE_OWL', '冷静夜行鸮 Wise Owl', '你的灵魂动物是一只猫头鹰。你不一定外表安静，但你的思维像夜晚的光，总在别人看不清的时候开灯。你习惯在心里做很多观察和判断，不轻易下结论，也不轻易表态。一旦开口，往往是一针见血。你对信息、细节和逻辑都很敏锐，在别人只看到表象的地方，你已经在分析底层原因。\n你给人的吸引力是一种“和你在一起，会变得更清醒”的感觉。你可以同时理解别人的情绪，又指出事情的结构问题。优点是理性、稳定、有洞察力；缺点是容易想太多、说太少，甚至在关系中显得若即若离，让在乎你的人有点不安。你需要学会的是：不是所有感受都要审核过才能说出口，有些柔软如果错过当下，就不会再回来了。', NULL, NULL, NULL, '2025-11-21 11:41:20', '2025-11-21 11:41:20'),
(44, 13, 'CAT', '你更偏向「猫系灵魂」', '安静、自洽、享受独处。你不排斥亲近，但你更加需要空间、~需要可控的靠近方式。你在关系中不是冷漠，而是习惯先照顾好自己，再慢慢信任别人。', '', NULL, NULL, '2025-11-22 04:12:42', '2025-11-22 07:20:01'),
(45, 13, 'DOG', '你更偏向「狗系灵魂」', '热情、外向、喜欢连接感。你在关系中坦诚直接，不喜欢若即若离。你愿意依赖别人，也希望得到回应和陪伴。', NULL, NULL, NULL, '2025-11-22 04:12:42', '2025-11-22 04:12:42');

-- --------------------------------------------------------

--
-- 表的结构 `tests`
--

CREATE TABLE `tests` (
  `id` int(10) UNSIGNED NOT NULL,
  `slug` varchar(100) COLLATE utf8mb4_unicode_ci NOT NULL,
  `title` varchar(255) COLLATE utf8mb4_unicode_ci NOT NULL,
  `subtitle` varchar(255) COLLATE utf8mb4_unicode_ci DEFAULT NULL,
  `description` text COLLATE utf8mb4_unicode_ci,
  `title_color` char(7) COLLATE utf8mb4_unicode_ci DEFAULT NULL,
  `emoji` varchar(16) COLLATE utf8mb4_unicode_ci DEFAULT NULL,
  `tags` varchar(255) COLLATE utf8mb4_unicode_ci DEFAULT NULL,
  `status` enum('draft','published','archived') COLLATE utf8mb4_unicode_ci NOT NULL DEFAULT 'draft',
  `sort_order` int(11) NOT NULL DEFAULT '0',
  `created_at` datetime NOT NULL DEFAULT CURRENT_TIMESTAMP,
  `updated_at` datetime NOT NULL DEFAULT CURRENT_TIMESTAMP ON UPDATE CURRENT_TIMESTAMP,
  `scoring_mode` enum('simple','dimensions','range','custom') COLLATE utf8mb4_unicode_ci NOT NULL DEFAULT 'simple',
  `scoring_config` json DEFAULT NULL,
  `display_mode` enum('single_page','step_by_step') COLLATE utf8mb4_unicode_ci NOT NULL DEFAULT 'single_page'
) ENGINE=InnoDB DEFAULT CHARSET=utf8mb4 COLLATE=utf8mb4_unicode_ci;

--
-- 转存表中的数据 `tests`
--

INSERT INTO `tests` (`id`, `slug`, `title`, `subtitle`, `description`, `title_color`, `emoji`, `tags`, `status`, `sort_order`, `created_at`, `updated_at`, `scoring_mode`, `scoring_config`, `display_mode`) VALUES
(1, 'inner-personality-type', '你的内在人格类型是什么？', '4 个选项，看看你是哪一种隐藏人格气质', '这不是一份标准的心理学量表，而是一个轻量的自我观察小测试。\r\n\r\n通过若干日常情境，你会发现自己更习惯用哪一种方式面对世界：是独立冷静，还是情绪细腻；是理性规划，还是立刻动手去做。\r\n\r\n测试结果不会给你贴标签，只是帮你换一个角度，看看自己身上那些你已经习以为常，却很少被认真看见的性格纹理。', '#cf9c30', '😈', '性格测试, 人格类型, 自我探索, 内在动力', 'published', 10, '2025-11-20 01:14:10', '2025-11-20 06:11:17', 'simple', NULL, 'single_page'),
(2, 'emotional-expression-style', '你的情感表达风格属于哪一类？', '你的习惯，是靠近、依赖、独处还是隐藏？', '每个人表达情感的方式都不同——有的人直接、热烈；有的人细腻、需要回应；还有的人沉默、不愿暴露脆弱。\r\n\r\n这套轻量测试会帮你找出：你更习惯用哪一种方式靠近别人，以及你在亲密关系中的本能反应模式。\r\n\r\n没有哪种风格更好，这只是一面镜子，让你看到那些你习以为常的行为背后，更深的情感逻辑。', '#80593c', '🧠', '情感测试, 心理探索, 亲密关系, 情绪表达', 'published', 20, '2025-11-20 02:22:49', '2025-11-20 05:40:18', 'simple', NULL, 'single_page'),
(3, 'core-personality-structure', '你的核心人格结构是什么？', '从两个维度看清你最底层的人格模式', '这个测试通过两个基础维度：内向/外向（I/E）、理性/情绪（R/F），组合出你的核心人格结构。\r\n不是给你贴标签，而是让你看到：你更习惯用哪种方式与世界交互——安静理性，细腻敏感，外向主导，还是情绪丰盛。', '#3dc296', '🌈', '人格类型, 心理测试, 自我探索, MBTI风格', 'published', 30, '2025-11-20 02:46:59', '2025-11-20 07:08:36', 'dimensions', NULL, 'single_page'),
(6, 'social-battery-20251120', '今天你的社交电量还剩多少？', '测测你现在是满格社交达人，还是需要马上充电', '你是不是经常一边想躺平，一边又被各种社交安排“榨干”？做个小测试，看看你今天的社交电量还剩几格，以及应该怎么给自己充电。', '#4e72ff', '🔋', '社交电量, 情绪自测, 内耗, 下班生活, DoFun趣味测试', 'published', 100, '2025-11-20 13:42:50', '2025-11-21 04:50:13', 'simple', NULL, 'single_page'),
(7, 'attraction_archetype', '你的吸引力原型', '测出你身上最让人上瘾的那一面', '这不是单纯的长相测试，而是从社交、情绪、思考方式和压力反应中，测出你真正的吸引力来源：是让人安心的氛围、安静的深度、自信的锋芒，还是疯一点的有趣灵魂。', '#ff7a9e', '✨', '#吸引力, #人格, #恋爱, #心理测验', 'published', 1, '2025-11-21 05:59:06', '2025-11-21 07:58:15', 'dimensions', '{\"mapping\": {\"q1\": {\"A\": {\"P\": 1}, \"B\": {\"C\": 1}, \"C\": {\"E\": 1}, \"D\": {\"W\": 1}}, \"q2\": {\"A\": {\"C\": 1}, \"B\": {\"P\": 1}, \"C\": {\"E\": 1}, \"D\": {\"W\": 1}}, \"q3\": {\"A\": {\"P\": 1}, \"B\": {\"E\": 1}, \"C\": {\"C\": 1}, \"D\": {\"W\": 1}}, \"q4\": {\"A\": {\"P\": 1}, \"B\": {\"C\": 1}, \"C\": {\"E\": 1}, \"D\": {\"W\": 1}}, \"q5\": {\"A\": {\"C\": 1}, \"B\": {\"W\": 1}, \"C\": {\"E\": 1}, \"D\": {\"P\": 1}}, \"q6\": {\"A\": {\"C\": 1}, \"B\": {\"P\": 1}, \"C\": {\"E\": 1}, \"D\": {\"W\": 1}}, \"q7\": {\"A\": {\"C\": 1}, \"B\": {\"P\": 1}, \"C\": {\"E\": 1}, \"D\": {\"W\": 1}}, \"q8\": {\"A\": {\"C\": 1}, \"B\": {\"E\": 1}, \"C\": {\"P\": 1}, \"D\": {\"W\": 1}}, \"q9\": {\"A\": {\"C\": 1}, \"B\": {\"P\": 1}, \"C\": {\"E\": 1}, \"D\": {\"W\": 1}}, \"q10\": {\"A\": {\"P\": 1}, \"B\": {\"C\": 1}, \"C\": {\"E\": 1}, \"D\": {\"W\": 1}}, \"q11\": {\"A\": {\"P\": 1}, \"B\": {\"C\": 1}, \"C\": {\"E\": 1}, \"D\": {\"W\": 1}}, \"q12\": {\"A\": {\"C\": 1}, \"B\": {\"P\": 1}, \"C\": {\"E\": 1}, \"D\": {\"W\": 1}}, \"q13\": {\"A\": {\"C\": 1}, \"B\": {\"P\": 1}, \"C\": {\"E\": 1}, \"D\": {\"W\": 1}}, \"q14\": {\"A\": {\"C\": 1}, \"B\": {\"E\": 1}, \"C\": {\"P\": 1}, \"D\": {\"W\": 1}}, \"q15\": {\"A\": {\"C\": 1}, \"B\": {\"P\": 1}, \"C\": {\"E\": 1}, \"D\": {\"W\": 1}}, \"q16\": {\"A\": {\"P\": 1}, \"B\": {\"C\": 1}, \"C\": {\"E\": 1}, \"D\": {\"W\": 1}}, \"q17\": {\"A\": {\"P\": 1}, \"B\": {\"C\": 1}, \"C\": {\"E\": 1}, \"D\": {\"W\": 1}}, \"q18\": {\"A\": {\"C\": 1}, \"B\": {\"E\": 1}, \"C\": {\"P\": 1}, \"D\": {\"W\": 1}}, \"q19\": {\"A\": {\"C\": 1}, \"B\": {\"E\": 1}, \"C\": {\"P\": 1}, \"D\": {\"W\": 1}}, \"q20\": {\"A\": {\"C\": 1}, \"B\": {\"E\": 1}, \"C\": {\"P\": 1}, \"D\": {\"W\": 1}}, \"q21\": {\"A\": {\"C\": 1}, \"B\": {\"P\": 1}, \"C\": {\"E\": 1}, \"D\": {\"W\": 1}}, \"q22\": {\"A\": {\"P\": 1}, \"B\": {\"C\": 1}, \"C\": {\"E\": 1}, \"D\": {\"W\": 1}}, \"q23\": {\"A\": {\"C\": 1}, \"B\": {\"E\": 1}, \"C\": {\"P\": 1}, \"D\": {\"W\": 1}}, \"q24\": {\"A\": {\"C\": 1}, \"B\": {\"E\": 1}, \"C\": {\"P\": 1}, \"D\": {\"W\": 1}}, \"q25\": {\"A\": {\"C\": 1}, \"B\": {\"P\": 1}, \"C\": {\"E\": 1}, \"D\": {\"W\": 1}}, \"q26\": {\"A\": {\"C\": 1}, \"B\": {\"P\": 1}, \"C\": {\"E\": 1}, \"D\": {\"W\": 1}}, \"q27\": {\"A\": {\"C\": 1}, \"B\": {\"P\": 1}, \"C\": {\"E\": 1}, \"D\": {\"W\": 1}}, \"q28\": {\"A\": {\"C\": 1}, \"B\": {\"P\": 1}, \"C\": {\"E\": 1}, \"D\": {\"W\": 1}}, \"q29\": {\"A\": {\"C\": 1}, \"B\": {\"P\": 1}, \"C\": {\"E\": 1}, \"D\": {\"W\": 1}}, \"q30\": {\"A\": {\"C\": 1}, \"B\": {\"P\": 1}, \"C\": {\"E\": 1}, \"D\": {\"W\": 1}}, \"q31\": {\"A\": {\"C\": 1}, \"B\": {\"P\": 1}, \"C\": {\"E\": 1}, \"D\": {\"W\": 1}}, \"q32\": {\"A\": {\"C\": 1}, \"B\": {\"P\": 1}, \"C\": {\"E\": 1}, \"D\": {\"W\": 1}}, \"q33\": {\"A\": {\"C\": 1}, \"B\": {\"P\": 1}, \"C\": {\"E\": 1}, \"D\": {\"W\": 1}}, \"q34\": {\"A\": {\"C\": 1}, \"B\": {\"P\": 1}, \"C\": {\"E\": 1}, \"D\": {\"W\": 1}}, \"q35\": {\"A\": {\"C\": 1}, \"B\": {\"P\": 1}, \"C\": {\"E\": 1}, \"D\": {\"W\": 1}}, \"q36\": {\"A\": {\"C\": 1}, \"B\": {\"P\": 1}, \"C\": {\"E\": 1}, \"D\": {\"W\": 1}}, \"q37\": {\"A\": {\"C\": 1}, \"B\": {\"P\": 1}, \"C\": {\"E\": 1}, \"D\": {\"W\": 1}}, \"q38\": {\"A\": {\"C\": 1}, \"B\": {\"P\": 1}, \"C\": {\"E\": 1}, \"D\": {\"W\": 1}}, \"q39\": {\"A\": {\"C\": 1}, \"B\": {\"P\": 1}, \"C\": {\"E\": 1}, \"D\": {\"W\": 1}}, \"q40\": {\"A\": {\"C\": 1}, \"B\": {\"P\": 1}, \"C\": {\"E\": 1}, \"D\": {\"W\": 1}}, \"q41\": {\"A\": {\"C\": 1}, \"B\": {\"P\": 1}, \"C\": {\"E\": 1}, \"D\": {\"W\": 1}}, \"q42\": {\"A\": {\"C\": 1}, \"B\": {\"P\": 1}, \"C\": {\"E\": 1}, \"D\": {\"W\": 1}}, \"q43\": {\"A\": {\"C\": 1}, \"B\": {\"P\": 1}, \"C\": {\"E\": 1}, \"D\": {\"W\": 1}}, \"q44\": {\"A\": {\"C\": 1}, \"B\": {\"P\": 1}, \"C\": {\"E\": 1}, \"D\": {\"W\": 1}}, \"q45\": {\"A\": {\"C\": 1}, \"B\": {\"P\": 1}, \"C\": {\"E\": 1}, \"D\": {\"W\": 1}}, \"q46\": {\"A\": {\"C\": 1}, \"B\": {\"P\": 1}, \"C\": {\"E\": 1}, \"D\": {\"W\": 1}}, \"q47\": {\"A\": {\"C\": 1}, \"B\": {\"P\": 1}, \"C\": {\"E\": 1}, \"D\": {\"W\": 1}}, \"q48\": {\"A\": {\"C\": 1}, \"B\": {\"P\": 1}, \"C\": {\"E\": 1}, \"D\": {\"W\": 1}}, \"q49\": {\"A\": {\"C\": 1}, \"B\": {\"P\": 1}, \"C\": {\"E\": 1}, \"D\": {\"W\": 1}}, \"q50\": {\"A\": {\"C\": 1}, \"B\": {\"P\": 1}, \"C\": {\"E\": 1}, \"D\": {\"W\": 1}}}, \"dimensions\": [\"E\", \"C\", \"P\", \"W\"], \"result_profiles\": [{\"code\": \"QUIET_GLOW\", \"name\": \"安静发光型 Quiet Glow\", \"rule\": {\"primary\": \"P\", \"low_prefer\": [\"E\"], \"description\": \"思考深、情绪稳，存在感不吵闹但耐看耐品，属于安静發光的類型。\", \"secondary_prefer\": [\"C\"]}}, {\"code\": \"SOFT_WARMTH\", \"name\": \"温柔治愈型 Soft Warmth\", \"rule\": {\"primary\": \"C\", \"description\": \"氛圍溫柔，讓人放鬆、願意靠近，是很適合長期相處的安全感型吸引力。\", \"secondary_prefer\": [\"P\"]}}, {\"code\": \"SHARP_EDGE\", \"name\": \"自信锋芒型 Sharp Edge\", \"rule\": {\"primary\": \"E\", \"description\": \"行動力強、存在感明顯，容易成為場景中的焦點，帶有決斷感與壓場能力。\", \"secondary_prefer\": [\"P\"]}}, {\"code\": \"CHAOTIC_FUN\", \"name\": \"混亂有趣型 Chaotic Fun\", \"rule\": {\"primary\": \"W\", \"description\": \"腦洞大、反差感強，常常用幽默和搞怪化解氣氛，屬於很好玩、記憶點很重的類型。\"}}, {\"code\": \"CALM_MAGNETIC\", \"name\": \"深情克制型 Calm Magnetic\", \"rule\": {\"primary\": \"P\", \"low_prefer\": [\"W\"], \"description\": \"外表克制，內心細膩，有自己的節奏和深情，不張揚但讓人在意很久。\", \"secondary_prefer\": [\"C\"]}}], \"dimension_labels\": {\"C\": \"氛围魅力（Comfort）\", \"E\": \"能量魅力（Energy）\", \"P\": \"智性魅力（Perception）\", \"W\": \"玩趣魅力（Whimsy）\"}}', 'step_by_step'),
(12, 'soul_animal', '你的灵魂动物是什么？', '如果把你换成一只动物，世界会更像动物园还是童话书？', '有的人像猫，不解释，只消失；有的人像狗，一被叫就立刻跑回来。有的人像狐狸，永远比世界快半拍；有的人像小鹿，敏感而漂亮；还有的人像猫头鹰，看起来安静，其实什么都知道。这不是在问你“喜欢什么动物”，而是在拆开你的习惯、情绪与选择方式，看看在你骨子里，住着哪一种灵魂动物——它决定了你怎么爱人、怎么保护自己、又怎么对抗这个世界。', '#7BB18A', '🐾', '灵魂动物,人格原型,趣味测验', 'published', 120, '2025-11-21 11:41:20', '2025-11-21 11:41:20', 'dimensions', '{\"mapping\": {\"q1\": {\"A\": {\"CAT\": 1}, \"B\": {\"DOG\": 1}, \"C\": {\"FOX\": 1}, \"D\": {\"DEER\": 1}}, \"q2\": {\"A\": {\"OWL\": 1}, \"B\": {\"DOG\": 1}, \"C\": {\"FOX\": 1}, \"D\": {\"DEER\": 1}}, \"q3\": {\"A\": {\"OWL\": 1}, \"B\": {\"DOG\": 1}, \"C\": {\"FOX\": 1}, \"D\": {\"DEER\": 1}}, \"q4\": {\"A\": {\"DOG\": 1}, \"B\": {\"OWL\": 1}, \"C\": {\"FOX\": 1}, \"D\": {\"DEER\": 1}}, \"q5\": {\"A\": {\"CAT\": 1}, \"B\": {\"DOG\": 1}, \"C\": {\"FOX\": 1}, \"D\": {\"DEER\": 1}}, \"q6\": {\"A\": {\"CAT\": 1}, \"B\": {\"DOG\": 1}, \"C\": {\"FOX\": 1}, \"D\": {\"OWL\": 1}}, \"q7\": {\"A\": {\"FOX\": 1}, \"B\": {\"DEER\": 1}, \"C\": {\"OWL\": 1}, \"D\": {\"DOG\": 1}}, \"q8\": {\"A\": {\"CAT\": 1}, \"B\": {\"DOG\": 1}, \"C\": {\"FOX\": 1}, \"D\": {\"DEER\": 1}}, \"q9\": {\"A\": {\"CAT\": 1}, \"B\": {\"DOG\": 1}, \"C\": {\"FOX\": 1}, \"D\": {\"DEER\": 1}}, \"q10\": {\"A\": {\"CAT\": 1}, \"B\": {\"DOG\": 1}, \"C\": {\"OWL\": 1}, \"D\": {\"DEER\": 1}}, \"q11\": {\"A\": {\"CAT\": 1}, \"B\": {\"DOG\": 1}, \"C\": {\"FOX\": 1}, \"D\": {\"OWL\": 1}}, \"q12\": {\"A\": {\"DOG\": 1}, \"B\": {\"OWL\": 1}, \"C\": {\"FOX\": 1}, \"D\": {\"CAT\": 1}}}, \"dimensions\": [\"CAT\", \"DOG\", \"FOX\", \"DEER\", \"OWL\"]}', 'step_by_step'),
(13, 'demo_dimensions', '【Demo】你更像猫还是狗？', '3 道题，测试新引擎是否正常工作', '这是一个用于调试新评分引擎的示例测验：通过 3 道极简题目，看你的回答更偏向猫系还是狗系。确认架构无误后，其他正式测验都可以参考这个结构来配置。', '#ff9f43', '🐾', '测试, 示例, 调试', 'published', 999, '2025-11-22 04:04:11', '2025-11-22 07:19:49', 'dimensions', NULL, 'step_by_step');

-- --------------------------------------------------------

--
-- 表的结构 `test_runs`
--

CREATE TABLE `test_runs` (
  `id` bigint(20) UNSIGNED NOT NULL,
  `user_id` int(10) UNSIGNED DEFAULT NULL,
  `test_id` int(10) UNSIGNED NOT NULL,
  `result_id` int(10) UNSIGNED DEFAULT NULL,
  `user_identifier` varchar(100) COLLATE utf8mb4_unicode_ci DEFAULT NULL,
  `ip_address` varchar(45) COLLATE utf8mb4_unicode_ci DEFAULT NULL,
  `user_agent` varchar(255) COLLATE utf8mb4_unicode_ci DEFAULT NULL,
  `total_score` decimal(10,2) DEFAULT NULL,
  `created_at` datetime NOT NULL DEFAULT CURRENT_TIMESTAMP,
  `share_token` char(32) COLLATE utf8mb4_unicode_ci DEFAULT NULL
) ENGINE=InnoDB DEFAULT CHARSET=utf8mb4 COLLATE=utf8mb4_unicode_ci;

--
-- 转存表中的数据 `test_runs`
--

INSERT INTO `test_runs` (`id`, `user_id`, `test_id`, `result_id`, `user_identifier`, `ip_address`, `user_agent`, `total_score`, `created_at`, `share_token`) VALUES
(1, NULL, 3, 14, NULL, '::1', 'Mozilla/5.0 (Windows NT 10.0; Win64; x64) AppleWebKit/537.36 (KHTML, like Gecko) Chrome/142.0.0.0 Safari/537.36', 9.00, '2025-11-20 02:49:46', NULL),
(2, NULL, 3, 13, NULL, '::1', 'Mozilla/5.0 (Windows NT 10.0; Win64; x64) AppleWebKit/537.36 (KHTML, like Gecko) Chrome/142.0.0.0 Safari/537.36', 9.00, '2025-11-20 02:49:55', NULL),
(3, NULL, 3, 13, NULL, '::1', 'Mozilla/5.0 (Windows NT 10.0; Win64; x64) AppleWebKit/537.36 (KHTML, like Gecko) Chrome/142.0.0.0 Safari/537.36', 9.00, '2025-11-20 02:50:30', NULL),
(4, NULL, 2, 5, NULL, '::1', 'Mozilla/5.0 (Windows NT 10.0; Win64; x64) AppleWebKit/537.36 (KHTML, like Gecko) Chrome/142.0.0.0 Safari/537.36', 5.00, '2025-11-20 02:52:11', NULL),
(5, NULL, 1, 1, NULL, '::1', 'Mozilla/5.0 (Windows NT 10.0; Win64; x64) AppleWebKit/537.36 (KHTML, like Gecko) Chrome/142.0.0.0 Safari/537.36', 3.00, '2025-11-20 02:52:21', NULL),
(6, NULL, 3, 13, NULL, '::1', 'Mozilla/5.0 (Windows NT 10.0; Win64; x64) AppleWebKit/537.36 (KHTML, like Gecko) Chrome/142.0.0.0 Safari/537.36', 9.00, '2025-11-20 02:52:26', NULL),
(7, NULL, 3, 13, NULL, '::1', 'Mozilla/5.0 (Windows NT 10.0; Win64; x64) AppleWebKit/537.36 (KHTML, like Gecko) Chrome/142.0.0.0 Safari/537.36', 9.00, '2025-11-20 02:56:21', NULL),
(8, NULL, 2, 5, NULL, '::1', 'Mozilla/5.0 (Windows NT 10.0; Win64; x64) AppleWebKit/537.36 (KHTML, like Gecko) Chrome/142.0.0.0 Safari/537.36', 4.00, '2025-11-20 02:56:29', NULL),
(9, NULL, 1, 1, NULL, '::1', 'Mozilla/5.0 (Windows NT 10.0; Win64; x64) AppleWebKit/537.36 (KHTML, like Gecko) Chrome/142.0.0.0 Safari/537.36', 2.00, '2025-11-20 03:51:04', NULL),
(10, NULL, 3, 13, NULL, '::1', 'Mozilla/5.0 (Windows NT 10.0; Win64; x64) AppleWebKit/537.36 (KHTML, like Gecko) Chrome/142.0.0.0 Safari/537.36', 9.00, '2025-11-20 03:51:11', NULL),
(11, NULL, 2, 5, NULL, '::1', 'Mozilla/5.0 (Windows NT 10.0; Win64; x64) AppleWebKit/537.36 (KHTML, like Gecko) Chrome/142.0.0.0 Safari/537.36', 2.00, '2025-11-20 04:36:18', NULL),
(12, NULL, 2, 6, NULL, '::1', 'Mozilla/5.0 (Windows NT 10.0; Win64; x64) AppleWebKit/537.36 (KHTML, like Gecko) Chrome/142.0.0.0 Safari/537.36', 3.00, '2025-11-20 05:28:32', NULL),
(13, NULL, 1, 4, NULL, '::1', 'Mozilla/5.0 (Windows NT 10.0; Win64; x64) AppleWebKit/537.36 (KHTML, like Gecko) Chrome/142.0.0.0 Safari/537.36', 2.00, '2025-11-20 06:19:57', NULL),
(14, NULL, 3, 13, NULL, '::1', 'Mozilla/5.0 (Windows NT 10.0; Win64; x64) AppleWebKit/537.36 (KHTML, like Gecko) Chrome/142.0.0.0 Safari/537.36', 9.00, '2025-11-20 06:21:35', NULL),
(15, NULL, 3, 13, NULL, '::1', 'Mozilla/5.0 (Linux; Android 6.0; Nexus 5 Build/MRA58N) AppleWebKit/537.36 (KHTML, like Gecko) Chrome/142.0.0.0 Mobile Safari/537.36', 9.00, '2025-11-20 06:23:24', NULL),
(16, NULL, 3, 15, NULL, '::1', 'Mozilla/5.0 (Windows NT 10.0; Win64; x64) AppleWebKit/537.36 (KHTML, like Gecko) Chrome/142.0.0.0 Safari/537.36', 9.00, '2025-11-20 07:12:31', NULL),
(17, NULL, 2, 5, NULL, '::1', 'Mozilla/5.0 (Windows NT 10.0; Win64; x64) AppleWebKit/537.36 (KHTML, like Gecko) Chrome/142.0.0.0 Safari/537.36', 3.00, '2025-11-20 07:15:19', NULL),
(18, NULL, 3, 14, NULL, '::1', 'Mozilla/5.0 (Windows NT 10.0; Win64; x64) AppleWebKit/537.36 (KHTML, like Gecko) Chrome/142.0.0.0 Safari/537.36', 9.00, '2025-11-20 08:44:15', NULL),
(19, NULL, 1, 3, NULL, '::1', 'Mozilla/5.0 (Windows NT 10.0; Win64; x64) AppleWebKit/537.36 (KHTML, like Gecko) Chrome/142.0.0.0 Safari/537.36', 2.00, '2025-11-20 08:45:18', NULL),
(20, NULL, 3, 14, NULL, '::1', 'Mozilla/5.0 (Windows NT 10.0; Win64; x64) AppleWebKit/537.36 (KHTML, like Gecko) Chrome/142.0.0.0 Safari/537.36', 9.00, '2025-11-20 08:48:33', NULL),
(21, NULL, 3, 14, NULL, '::1', 'Mozilla/5.0 (Windows NT 10.0; Win64; x64) AppleWebKit/537.36 (KHTML, like Gecko) Chrome/142.0.0.0 Safari/537.36', 9.00, '2025-11-20 08:48:56', NULL),
(22, NULL, 3, 14, NULL, '::1', 'Mozilla/5.0 (Windows NT 10.0; Win64; x64) AppleWebKit/537.36 (KHTML, like Gecko) Chrome/142.0.0.0 Safari/537.36', 9.00, '2025-11-20 08:57:20', NULL),
(23, NULL, 1, 1, NULL, '::1', 'Mozilla/5.0 (Windows NT 10.0; Win64; x64) AppleWebKit/537.36 (KHTML, like Gecko) Chrome/142.0.0.0 Safari/537.36', 2.00, '2025-11-20 08:57:28', NULL),
(24, NULL, 3, 13, NULL, '::1', 'Mozilla/5.0 (Windows NT 10.0; Win64; x64) AppleWebKit/537.36 (KHTML, like Gecko) Chrome/142.0.0.0 Safari/537.36', 9.00, '2025-11-20 09:13:40', 'c2a13c2023fdac42'),
(25, NULL, 2, 6, NULL, '::1', 'Mozilla/5.0 (Windows NT 10.0; Win64; x64) AppleWebKit/537.36 (KHTML, like Gecko) Chrome/142.0.0.0 Safari/537.36', 4.00, '2025-11-20 09:18:47', 'a282ce0577e5aa98'),
(26, NULL, 3, 13, NULL, '::1', 'Mozilla/5.0 (Windows NT 10.0; Win64; x64) AppleWebKit/537.36 (KHTML, like Gecko) Chrome/142.0.0.0 Safari/537.36', 9.00, '2025-11-20 09:45:15', 'f928ac0b5d34cbd4'),
(27, NULL, 3, 13, NULL, '::1', 'Mozilla/5.0 (Windows NT 10.0; Win64; x64) AppleWebKit/537.36 (KHTML, like Gecko) Chrome/142.0.0.0 Safari/537.36', 9.00, '2025-11-20 09:47:26', '584a760a44109b15'),
(28, NULL, 2, 6, NULL, '::1', 'Mozilla/5.0 (Windows NT 10.0; Win64; x64) AppleWebKit/537.36 (KHTML, like Gecko) Chrome/142.0.0.0 Safari/537.36', 3.00, '2025-11-20 09:56:15', 'dbe0dd35a500b8df'),
(29, NULL, 2, 6, NULL, '::1', 'Mozilla/5.0 (Windows NT 10.0; Win64; x64) AppleWebKit/537.36 (KHTML, like Gecko) Chrome/142.0.0.0 Safari/537.36', 2.00, '2025-11-20 09:56:23', 'b93943364872c09a'),
(30, NULL, 2, 5, NULL, '::1', 'Mozilla/5.0 (Windows NT 10.0; Win64; x64) AppleWebKit/537.36 (KHTML, like Gecko) Chrome/142.0.0.0 Safari/537.36', 2.00, '2025-11-20 10:17:09', 'c82d017e0a91183e'),
(31, NULL, 3, 14, NULL, '::1', 'Mozilla/5.0 (Windows NT 10.0; Win64; x64) AppleWebKit/537.36 (KHTML, like Gecko) Chrome/142.0.0.0 Safari/537.36', 9.00, '2025-11-20 10:31:30', '76934f29e7290a01'),
(32, NULL, 3, 13, NULL, '::1', 'Mozilla/5.0 (Linux; Android 6.0; Nexus 5 Build/MRA58N) AppleWebKit/537.36 (KHTML, like Gecko) Chrome/142.0.0.0 Mobile Safari/537.36', 9.00, '2025-11-20 10:33:05', '219ed51194c7f332'),
(33, NULL, 2, 6, NULL, '::1', 'Mozilla/5.0 (Linux; Android 6.0; Nexus 5 Build/MRA58N) AppleWebKit/537.36 (KHTML, like Gecko) Chrome/142.0.0.0 Mobile Safari/537.36', 2.00, '2025-11-20 11:11:31', '6ef47c71c501fd76'),
(34, NULL, 3, 16, NULL, '::1', 'Mozilla/5.0 (Windows NT 10.0; Win64; x64) AppleWebKit/537.36 (KHTML, like Gecko) Chrome/142.0.0.0 Safari/537.36', 9.00, '2025-11-20 13:00:26', 'f7e7eb02b138ecf5'),
(35, NULL, 2, 6, NULL, '::1', 'Mozilla/5.0 (Windows NT 10.0; Win64; x64) AppleWebKit/537.36 (KHTML, like Gecko) Chrome/142.0.0.0 Safari/537.36', 3.00, '2025-11-20 13:33:31', 'da669f2a691e5df4'),
(36, NULL, 6, 25, NULL, '::1', 'Mozilla/5.0 (Windows NT 10.0; Win64; x64) AppleWebKit/537.36 (KHTML, like Gecko) Chrome/142.0.0.0 Safari/537.36', 12.00, '2025-11-20 13:53:43', '980b6b2a65327d87'),
(37, NULL, 3, 14, NULL, '::1', 'Mozilla/5.0 (Windows NT 10.0; Win64; x64) AppleWebKit/537.36 (KHTML, like Gecko) Chrome/142.0.0.0 Safari/537.36', 9.00, '2025-11-20 21:37:41', '6bf378aa4bc7bba9'),
(38, NULL, 3, 13, NULL, '::1', 'Mozilla/5.0 (Windows NT 10.0; Win64; x64) AppleWebKit/537.36 (KHTML, like Gecko) Chrome/142.0.0.0 Safari/537.36', 9.00, '2025-11-21 03:08:19', '8c98d3492a231958'),
(39, NULL, 2, 6, NULL, '::1', 'Mozilla/5.0 (Windows NT 10.0; Win64; x64) AppleWebKit/537.36 (KHTML, like Gecko) Chrome/142.0.0.0 Safari/537.36', 2.00, '2025-11-21 03:08:57', '64b15596af10fc28'),
(40, NULL, 3, 13, NULL, '::1', 'Mozilla/5.0 (Windows NT 10.0; Win64; x64) AppleWebKit/537.36 (KHTML, like Gecko) Chrome/142.0.0.0 Safari/537.36', 9.00, '2025-11-21 03:14:18', '047ca3f1122445c6'),
(41, NULL, 3, 13, NULL, '::1', 'Mozilla/5.0 (Windows NT 10.0; Win64; x64) AppleWebKit/537.36 (KHTML, like Gecko) Chrome/142.0.0.0 Safari/537.36', 9.00, '2025-11-21 04:43:17', 'a263021a0b9d0e34'),
(42, NULL, 3, 13, NULL, '::1', 'Mozilla/5.0 (Windows NT 10.0; Win64; x64) AppleWebKit/537.36 (KHTML, like Gecko) Chrome/142.0.0.0 Safari/537.36', 9.00, '2025-11-21 04:49:48', '5773ed8bd9608ce8'),
(43, NULL, 2, 6, NULL, '::1', 'Mozilla/5.0 (Windows NT 10.0; Win64; x64) AppleWebKit/537.36 (KHTML, like Gecko) Chrome/142.0.0.0 Safari/537.36', 2.00, '2025-11-21 04:49:55', '937db2e42b5deab7'),
(44, NULL, 6, 26, NULL, '::1', 'Mozilla/5.0 (Windows NT 10.0; Win64; x64) AppleWebKit/537.36 (KHTML, like Gecko) Chrome/142.0.0.0 Safari/537.36', 15.00, '2025-11-21 04:51:42', '056a7d37eeccf2aa'),
(45, NULL, 7, 30, NULL, '::1', 'Mozilla/5.0 (Windows NT 10.0; Win64; x64) AppleWebKit/537.36 (KHTML, like Gecko) Chrome/142.0.0.0 Safari/537.36', 50.00, '2025-11-21 07:16:53', '7bca75cde16f1599'),
(46, NULL, 6, 26, NULL, '::1', 'Mozilla/5.0 (Windows NT 10.0; Win64; x64) AppleWebKit/537.36 (KHTML, like Gecko) Chrome/142.0.0.0 Safari/537.36', 6.00, '2025-11-21 08:27:08', '3fc9041e42231344'),
(47, NULL, 7, 31, NULL, '::1', 'Mozilla/5.0 (Windows NT 10.0; Win64; x64) AppleWebKit/537.36 (KHTML, like Gecko) Chrome/142.0.0.0 Safari/537.36', 50.00, '2025-11-21 08:27:27', '9a5d0481d8efff57'),
(48, 2, 1, 1, NULL, '::1', 'Mozilla/5.0 (Windows NT 10.0; Win64; x64) AppleWebKit/537.36 (KHTML, like Gecko) Chrome/142.0.0.0 Safari/537.36', 2.00, '2025-11-21 09:48:17', 'b1b50dbac16fa6d5'),
(49, 2, 1, 2, NULL, '::1', 'Mozilla/5.0 (Windows NT 10.0; Win64; x64) AppleWebKit/537.36 (KHTML, like Gecko) Chrome/142.0.0.0 Safari/537.36', 2.00, '2025-11-21 09:48:34', 'cc7400ee6976c763'),
(50, 2, 6, 26, NULL, '::1', 'Mozilla/5.0 (Windows NT 10.0; Win64; x64) AppleWebKit/537.36 (KHTML, like Gecko) Chrome/142.0.0.0 Safari/537.36', 6.00, '2025-11-21 09:49:58', '75a64c6120a9a985'),
(51, 2, 2, 6, NULL, '::1', 'Mozilla/5.0 (Windows NT 10.0; Win64; x64) AppleWebKit/537.36 (KHTML, like Gecko) Chrome/142.0.0.0 Safari/537.36', 3.00, '2025-11-21 09:50:07', 'b8559bf54c979436'),
(52, 1, 1, 3, NULL, '::1', 'Mozilla/5.0 (Windows NT 10.0; Win64; x64) AppleWebKit/537.36 (KHTML, like Gecko) Chrome/142.0.0.0 Safari/537.36', 3.00, '2025-11-21 09:50:57', 'f34c79712ec8fe71'),
(53, 1, 2, 6, NULL, '::1', 'Mozilla/5.0 (Windows NT 10.0; Win64; x64) AppleWebKit/537.36 (KHTML, like Gecko) Chrome/142.0.0.0 Safari/537.36', 3.00, '2025-11-21 10:03:58', '425bb42b1310a012'),
(54, 1, 6, 26, NULL, '::1', 'Mozilla/5.0 (Windows NT 10.0; Win64; x64) AppleWebKit/537.36 (KHTML, like Gecko) Chrome/142.0.0.0 Safari/537.36', 6.00, '2025-11-21 10:04:46', '55d4d394a1a76242'),
(55, 1, 2, 7, NULL, '::1', 'Mozilla/5.0 (Windows NT 10.0; Win64; x64) AppleWebKit/537.36 (KHTML, like Gecko) Chrome/142.0.0.0 Safari/537.36', 3.00, '2025-11-21 10:49:13', 'e5e218543d373ebe'),
(56, 1, 6, 25, NULL, '::1', 'Mozilla/5.0 (Windows NT 10.0; Win64; x64) AppleWebKit/537.36 (KHTML, like Gecko) Chrome/142.0.0.0 Safari/537.36', 8.00, '2025-11-21 11:20:22', 'b9b400db13cdaa16'),
(57, 1, 6, 26, NULL, '::1', 'Mozilla/5.0 (Windows NT 10.0; Win64; x64) AppleWebKit/537.36 (KHTML, like Gecko) Chrome/142.0.0.0 Safari/537.36', 6.00, '2025-11-21 11:41:53', '1067e0b7d2fdb045'),
(58, 1, 6, 25, NULL, '::1', 'Mozilla/5.0 (Windows NT 10.0; Win64; x64) AppleWebKit/537.36 (KHTML, like Gecko) Chrome/142.0.0.0 Safari/537.36', 12.00, '2025-11-22 02:51:00', '30b285a189988f07'),
(59, 1, 6, 25, NULL, '::1', 'Mozilla/5.0 (Windows NT 10.0; Win64; x64) AppleWebKit/537.36 (KHTML, like Gecko) Chrome/142.0.0.0 Safari/537.36', 9.00, '2025-11-22 03:29:03', '13ea9132d6fb000a'),
(60, 1, 3, 13, NULL, '::1', 'Mozilla/5.0 (Windows NT 10.0; Win64; x64) AppleWebKit/537.36 (KHTML, like Gecko) Chrome/142.0.0.0 Safari/537.36', 3.00, '2025-11-22 04:00:10', '651fcd459d2275a3'),
(61, 1, 12, 39, NULL, '::1', 'Mozilla/5.0 (Windows NT 10.0; Win64; x64) AppleWebKit/537.36 (KHTML, like Gecko) Chrome/142.0.0.0 Safari/537.36', 0.00, '2025-11-22 04:00:18', 'e2c2032f741f012a'),
(62, 1, 13, 44, NULL, '::1', 'Mozilla/5.0 (Windows NT 10.0; Win64; x64) AppleWebKit/537.36 (KHTML, like Gecko) Chrome/142.0.0.0 Safari/537.36', 0.00, '2025-11-22 04:13:03', '8e389cdc5a29ce52'),
(63, 1, 1, 1, NULL, '::1', 'Mozilla/5.0 (Windows NT 10.0; Win64; x64) AppleWebKit/537.36 (KHTML, like Gecko) Chrome/142.0.0.0 Safari/537.36', 5.00, '2025-11-22 04:40:11', 'a4abdf8ad5dc556e'),
(64, 1, 7, 29, NULL, '::1', 'Mozilla/5.0 (Windows NT 10.0; Win64; x64) AppleWebKit/537.36 (KHTML, like Gecko) Chrome/142.0.0.0 Safari/537.36', 0.00, '2025-11-22 04:40:34', '4eb39f70a8af2343'),
(65, 1, 12, 39, NULL, '::1', 'Mozilla/5.0 (Windows NT 10.0; Win64; x64) AppleWebKit/537.36 (KHTML, like Gecko) Chrome/142.0.0.0 Safari/537.36', 0.00, '2025-11-22 04:40:47', 'd88502ebffc2ed57'),
(66, 1, 12, 39, NULL, '::1', 'Mozilla/5.0 (Windows NT 10.0; Win64; x64) AppleWebKit/537.36 (KHTML, like Gecko) Chrome/142.0.0.0 Safari/537.36', 0.00, '2025-11-22 04:56:44', '55337eb7071167a9'),
(67, 1, 12, 39, NULL, '::1', 'Mozilla/5.0 (Windows NT 10.0; Win64; x64) AppleWebKit/537.36 (KHTML, like Gecko) Chrome/142.0.0.0 Safari/537.36', 0.00, '2025-11-22 05:00:05', 'b163deb069dce826'),
(68, 1, 1, 1, NULL, '::1', 'Mozilla/5.0 (Windows NT 10.0; Win64; x64) AppleWebKit/537.36 (KHTML, like Gecko) Chrome/142.0.0.0 Safari/537.36', 5.00, '2025-11-22 05:03:47', '0cf75c0b7b9f6af5'),
(69, 1, 1, 1, NULL, '::1', 'Mozilla/5.0 (Windows NT 10.0; Win64; x64) AppleWebKit/537.36 (KHTML, like Gecko) Chrome/142.0.0.0 Safari/537.36', 5.00, '2025-11-22 05:04:30', '308f4e8895b80c3a'),
(70, 1, 7, 29, NULL, '::1', 'Mozilla/5.0 (Windows NT 10.0; Win64; x64) AppleWebKit/537.36 (KHTML, like Gecko) Chrome/142.0.0.0 Safari/537.36', 0.00, '2025-11-22 05:13:54', 'd37aa135c88b22ff'),
(71, 1, 13, 44, NULL, '::1', 'Mozilla/5.0 (Windows NT 10.0; Win64; x64) AppleWebKit/537.36 (KHTML, like Gecko) Chrome/142.0.0.0 Safari/537.36', 0.00, '2025-11-22 06:15:33', 'e1c20abc67cc2a5542e257efa641bae4'),
(72, 1, 13, 44, NULL, '::1', 'Mozilla/5.0 (Windows NT 10.0; Win64; x64) AppleWebKit/537.36 (KHTML, like Gecko) Chrome/142.0.0.0 Safari/537.36', 0.00, '2025-11-22 07:47:47', 'd5fcb63db36e201ab05b5e4fefffdc57'),
(73, 1, 12, 39, NULL, '::1', 'Mozilla/5.0 (Windows NT 10.0; Win64; x64) AppleWebKit/537.36 (KHTML, like Gecko) Chrome/142.0.0.0 Safari/537.36', 0.00, '2025-11-22 07:47:57', 'e35ab367cb2df5af4bb1465f3bf45f00');

-- --------------------------------------------------------

--
-- 表的结构 `test_run_scores`
--

CREATE TABLE `test_run_scores` (
  `id` bigint(20) UNSIGNED NOT NULL,
  `test_run_id` bigint(20) UNSIGNED NOT NULL,
  `dimension_key` varchar(50) COLLATE utf8mb4_unicode_ci NOT NULL,
  `score_value` decimal(10,2) NOT NULL DEFAULT '0.00'
) ENGINE=InnoDB DEFAULT CHARSET=utf8mb4 COLLATE=utf8mb4_unicode_ci;

--
-- 转存表中的数据 `test_run_scores`
--

INSERT INTO `test_run_scores` (`id`, `test_run_id`, `dimension_key`, `score_value`) VALUES
(1, 1, 'E', 2.00),
(2, 1, 'F', 4.00),
(3, 1, 'I', 2.00),
(4, 1, 'R', 1.00),
(5, 2, 'E', 2.00),
(6, 2, 'R', 5.00),
(7, 2, 'I', 2.00),
(8, 3, 'I', 4.00),
(9, 3, 'R', 2.00),
(10, 3, 'F', 2.00),
(11, 3, 'E', 1.00),
(12, 6, 'E', 2.00),
(13, 6, 'R', 5.00),
(14, 6, 'I', 2.00),
(15, 7, 'E', 2.00),
(16, 7, 'F', 1.00),
(17, 7, 'R', 4.00),
(18, 7, 'I', 2.00),
(19, 10, 'I', 4.00),
(20, 10, 'R', 5.00),
(21, 14, 'I', 4.00),
(22, 14, 'F', 1.00),
(23, 14, 'R', 4.00),
(24, 15, 'I', 4.00),
(25, 15, 'R', 2.00),
(26, 15, 'F', 2.00),
(27, 15, 'E', 1.00),
(28, 16, 'E', 4.00),
(29, 16, 'R', 3.00),
(30, 16, 'I', 1.00),
(31, 16, 'F', 1.00),
(32, 18, 'I', 4.00),
(33, 18, 'R', 2.00),
(34, 18, 'F', 3.00),
(35, 20, 'I', 4.00),
(36, 20, 'R', 2.00),
(37, 20, 'F', 3.00),
(38, 21, 'I', 4.00),
(39, 21, 'R', 2.00),
(40, 21, 'F', 3.00),
(41, 22, 'E', 2.00),
(42, 22, 'R', 2.00),
(43, 22, 'F', 3.00),
(44, 22, 'I', 2.00),
(45, 24, 'I', 2.00),
(46, 24, 'R', 4.00),
(47, 24, 'E', 2.00),
(48, 24, 'F', 1.00),
(49, 26, 'I', 4.00),
(50, 26, 'R', 2.00),
(51, 26, 'F', 2.00),
(52, 26, 'E', 1.00),
(53, 27, 'I', 4.00),
(54, 27, 'R', 2.00),
(55, 27, 'F', 2.00),
(56, 27, 'E', 1.00),
(57, 31, 'I', 4.00),
(58, 31, 'R', 2.00),
(59, 31, 'F', 3.00),
(60, 32, 'I', 5.00),
(61, 32, 'F', 1.00),
(62, 32, 'R', 3.00),
(63, 34, 'E', 4.00),
(64, 34, 'R', 1.00),
(65, 34, 'F', 4.00),
(66, 37, 'E', 2.00),
(67, 37, 'R', 2.00),
(68, 37, 'F', 3.00),
(69, 37, 'I', 2.00),
(70, 38, 'E', 2.00),
(71, 38, 'F', 1.00),
(72, 38, 'R', 4.00),
(73, 38, 'I', 2.00),
(74, 40, 'I', 3.00),
(75, 40, 'R', 3.00),
(76, 40, 'E', 2.00),
(77, 40, 'F', 1.00),
(78, 41, 'I', 4.00),
(79, 41, 'R', 2.00),
(80, 41, 'F', 2.00),
(81, 41, 'E', 1.00),
(82, 42, 'I', 2.00),
(83, 42, 'R', 4.00),
(84, 42, 'E', 2.00),
(85, 42, 'F', 1.00),
(86, 45, 'E', 13.00),
(87, 45, 'C', 19.00),
(88, 45, 'P', 17.00),
(89, 45, 'W', 1.00),
(90, 47, 'E', 22.00),
(91, 47, 'C', 6.00),
(92, 47, 'P', 19.00),
(93, 47, 'W', 3.00),
(94, 61, 'CAT', 0.00),
(95, 61, 'DOG', 0.00),
(96, 61, 'FOX', 0.00),
(97, 61, 'DEER', 0.00),
(98, 61, 'OWL', 0.00),
(99, 64, 'E', 0.00),
(100, 64, 'C', 0.00),
(101, 64, 'P', 0.00),
(102, 64, 'W', 0.00),
(103, 65, 'CAT', 0.00),
(104, 65, 'DOG', 0.00),
(105, 65, 'FOX', 0.00),
(106, 65, 'DEER', 0.00),
(107, 65, 'OWL', 0.00),
(108, 66, 'CAT', 0.00),
(109, 66, 'DOG', 0.00),
(110, 66, 'FOX', 0.00),
(111, 66, 'DEER', 0.00),
(112, 66, 'OWL', 0.00),
(113, 67, 'CAT', 0.00),
(114, 67, 'DOG', 0.00),
(115, 67, 'FOX', 0.00),
(116, 67, 'DEER', 0.00),
(117, 67, 'OWL', 0.00),
(118, 70, 'E', 0.00),
(119, 70, 'C', 0.00),
(120, 70, 'P', 0.00),
(121, 70, 'W', 0.00),
(122, 73, 'CAT', 0.00),
(123, 73, 'DOG', 0.00),
(124, 73, 'FOX', 0.00),
(125, 73, 'DEER', 0.00),
(126, 73, 'OWL', 0.00);

-- --------------------------------------------------------

--
-- 表的结构 `users`
--

CREATE TABLE `users` (
  `id` int(10) UNSIGNED NOT NULL,
  `email` varchar(50) COLLATE utf8mb4_unicode_ci NOT NULL,
  `password_hash` varchar(255) COLLATE utf8mb4_unicode_ci NOT NULL,
  `nickname` varchar(50) COLLATE utf8mb4_unicode_ci DEFAULT NULL,
  `created_at` datetime NOT NULL DEFAULT CURRENT_TIMESTAMP,
  `last_login_at` datetime DEFAULT NULL
) ENGINE=InnoDB DEFAULT CHARSET=utf8mb4 COLLATE=utf8mb4_unicode_ci;

--
-- 转存表中的数据 `users`
--

INSERT INTO `users` (`id`, `email`, `password_hash`, `nickname`, `created_at`, `last_login_at`) VALUES
(1, 'admin', '$2y$10$OQtApgp0l3qyRZHoVh7PvOY.m2fBAiOp5OsCi7bXsoWktm.dN0/Wu', NULL, '2025-11-21 09:47:10', NULL),
(2, 'eve', '$2y$10$UHvgcPMyTefT2Xecoq2eUuaLhx4vkXdNONMQTaWbpFxo42oZvj79S', 'illli', '2025-11-21 09:47:43', NULL);

--
-- 转储表的索引
--

--
-- 表的索引 `admin_users`
--
ALTER TABLE `admin_users`
  ADD PRIMARY KEY (`id`),
  ADD UNIQUE KEY `username` (`username`);

--
-- 表的索引 `backup_logs`
--
ALTER TABLE `backup_logs`
  ADD PRIMARY KEY (`id`);

--
-- 表的索引 `questions`
--
ALTER TABLE `questions`
  ADD PRIMARY KEY (`id`),
  ADD KEY `idx_questions_test_id` (`test_id`);

--
-- 表的索引 `question_answers`
--
ALTER TABLE `question_answers`
  ADD PRIMARY KEY (`id`),
  ADD KEY `idx_test_run_id` (`test_run_id`),
  ADD KEY `idx_test_question` (`test_id`,`question_id`),
  ADD KEY `fk_answers_question` (`question_id`);

--
-- 表的索引 `question_options`
--
ALTER TABLE `question_options`
  ADD PRIMARY KEY (`id`),
  ADD KEY `idx_options_question_id` (`question_id`);

--
-- 表的索引 `results`
--
ALTER TABLE `results`
  ADD PRIMARY KEY (`id`),
  ADD KEY `idx_results_test_id` (`test_id`);

--
-- 表的索引 `tests`
--
ALTER TABLE `tests`
  ADD PRIMARY KEY (`id`),
  ADD UNIQUE KEY `slug` (`slug`);

--
-- 表的索引 `test_runs`
--
ALTER TABLE `test_runs`
  ADD PRIMARY KEY (`id`),
  ADD UNIQUE KEY `uk_share_token` (`share_token`),
  ADD KEY `idx_runs_test_id` (`test_id`),
  ADD KEY `idx_runs_result_id` (`result_id`),
  ADD KEY `idx_runs_user_id` (`user_id`),
  ADD KEY `idx_share_token` (`share_token`),
  ADD KEY `idx_created_at` (`created_at`);

--
-- 表的索引 `test_run_scores`
--
ALTER TABLE `test_run_scores`
  ADD PRIMARY KEY (`id`),
  ADD KEY `idx_scores_run_id` (`test_run_id`);

--
-- 表的索引 `users`
--
ALTER TABLE `users`
  ADD PRIMARY KEY (`id`),
  ADD UNIQUE KEY `uniq_users_email` (`email`);

--
-- 在导出的表使用AUTO_INCREMENT
--

--
-- 使用表AUTO_INCREMENT `admin_users`
--
ALTER TABLE `admin_users`
  MODIFY `id` int(10) UNSIGNED NOT NULL AUTO_INCREMENT, AUTO_INCREMENT=2;

--
-- 使用表AUTO_INCREMENT `backup_logs`
--
ALTER TABLE `backup_logs`
  MODIFY `id` int(10) UNSIGNED NOT NULL AUTO_INCREMENT;

--
-- 使用表AUTO_INCREMENT `questions`
--
ALTER TABLE `questions`
  MODIFY `id` int(10) UNSIGNED NOT NULL AUTO_INCREMENT, AUTO_INCREMENT=130;

--
-- 使用表AUTO_INCREMENT `question_answers`
--
ALTER TABLE `question_answers`
  MODIFY `id` bigint(20) UNSIGNED NOT NULL AUTO_INCREMENT, AUTO_INCREMENT=6;

--
-- 使用表AUTO_INCREMENT `question_options`
--
ALTER TABLE `question_options`
  MODIFY `id` int(10) UNSIGNED NOT NULL AUTO_INCREMENT, AUTO_INCREMENT=445;

--
-- 使用表AUTO_INCREMENT `results`
--
ALTER TABLE `results`
  MODIFY `id` int(10) UNSIGNED NOT NULL AUTO_INCREMENT, AUTO_INCREMENT=46;

--
-- 使用表AUTO_INCREMENT `tests`
--
ALTER TABLE `tests`
  MODIFY `id` int(10) UNSIGNED NOT NULL AUTO_INCREMENT, AUTO_INCREMENT=14;

--
-- 使用表AUTO_INCREMENT `test_runs`
--
ALTER TABLE `test_runs`
  MODIFY `id` bigint(20) UNSIGNED NOT NULL AUTO_INCREMENT, AUTO_INCREMENT=74;

--
-- 使用表AUTO_INCREMENT `test_run_scores`
--
ALTER TABLE `test_run_scores`
  MODIFY `id` bigint(20) UNSIGNED NOT NULL AUTO_INCREMENT, AUTO_INCREMENT=127;

--
-- 使用表AUTO_INCREMENT `users`
--
ALTER TABLE `users`
  MODIFY `id` int(10) UNSIGNED NOT NULL AUTO_INCREMENT, AUTO_INCREMENT=3;

--
-- 限制导出的表
--

--
-- 限制表 `questions`
--
ALTER TABLE `questions`
  ADD CONSTRAINT `fk_questions_test` FOREIGN KEY (`test_id`) REFERENCES `tests` (`id`) ON DELETE CASCADE;

--
-- 限制表 `question_answers`
--
ALTER TABLE `question_answers`
  ADD CONSTRAINT `fk_answers_question` FOREIGN KEY (`question_id`) REFERENCES `questions` (`id`) ON DELETE CASCADE,
  ADD CONSTRAINT `fk_answers_run` FOREIGN KEY (`test_run_id`) REFERENCES `test_runs` (`id`) ON DELETE CASCADE,
  ADD CONSTRAINT `fk_answers_test` FOREIGN KEY (`test_id`) REFERENCES `tests` (`id`) ON DELETE CASCADE;

--
-- 限制表 `question_options`
--
ALTER TABLE `question_options`
  ADD CONSTRAINT `fk_options_question` FOREIGN KEY (`question_id`) REFERENCES `questions` (`id`) ON DELETE CASCADE;

--
-- 限制表 `results`
--
ALTER TABLE `results`
  ADD CONSTRAINT `fk_results_test` FOREIGN KEY (`test_id`) REFERENCES `tests` (`id`) ON DELETE CASCADE;

--
-- 限制表 `test_runs`
--
ALTER TABLE `test_runs`
  ADD CONSTRAINT `fk_runs_result` FOREIGN KEY (`result_id`) REFERENCES `results` (`id`) ON DELETE SET NULL,
  ADD CONSTRAINT `fk_runs_test` FOREIGN KEY (`test_id`) REFERENCES `tests` (`id`) ON DELETE CASCADE,
  ADD CONSTRAINT `fk_runs_user` FOREIGN KEY (`user_id`) REFERENCES `users` (`id`) ON DELETE SET NULL;

--
-- 限制表 `test_run_scores`
--
ALTER TABLE `test_run_scores`
  ADD CONSTRAINT `fk_scores_run` FOREIGN KEY (`test_run_id`) REFERENCES `test_runs` (`id`) ON DELETE CASCADE;
COMMIT;

/*!40101 SET CHARACTER_SET_CLIENT=@OLD_CHARACTER_SET_CLIENT */;
/*!40101 SET CHARACTER_SET_RESULTS=@OLD_CHARACTER_SET_RESULTS */;
/*!40101 SET COLLATION_CONNECTION=@OLD_COLLATION_CONNECTION */;
