-- phpMyAdmin SQL Dump
-- version 5.2.3
-- https://www.phpmyadmin.net/
--
-- 主机： localhost
-- 生成日期： 2025-11-25 08:00:55
-- 服务器版本： 5.7.39
-- PHP 版本： 8.3.25

SET SQL_MODE = "NO_AUTO_VALUE_ON_ZERO";
START TRANSACTION;
SET time_zone = "+00:00";


/*!40101 SET @OLD_CHARACTER_SET_CLIENT=@@CHARACTER_SET_CLIENT */;
/*!40101 SET @OLD_CHARACTER_SET_RESULTS=@@CHARACTER_SET_RESULTS */;
/*!40101 SET @OLD_COLLATION_CONNECTION=@@COLLATION_CONNECTION */;
/*!40101 SET NAMES utf8mb4 */;

--
-- 数据库： `fun_quiz`
--

-- --------------------------------------------------------

--
-- 表的结构 `admin_users`
--

CREATE TABLE `admin_users` (
  `id` int(10) UNSIGNED NOT NULL,
  `username` varchar(50) COLLATE utf8mb4_unicode_ci NOT NULL,
  `password_hash` varchar(255) COLLATE utf8mb4_unicode_ci NOT NULL,
  `display_name` varchar(50) COLLATE utf8mb4_unicode_ci DEFAULT NULL,
  `is_active` tinyint(1) NOT NULL DEFAULT '1',
  `created_at` datetime NOT NULL DEFAULT CURRENT_TIMESTAMP
) ENGINE=InnoDB DEFAULT CHARSET=utf8mb4 COLLATE=utf8mb4_unicode_ci;

--
-- 转存表中的数据 `admin_users`
--

INSERT INTO `admin_users` (`id`, `username`, `password_hash`, `display_name`, `is_active`, `created_at`) VALUES
(1, 'admin', '$2y$10$/yMFXFurP71ZNY6PqdS.v.ng9NrdVZoZqESWGvQ0aQlUUaODLg.SC', '管理员', 1, '2025-11-20 00:28:40'),
(2, 'fun', '$2y$10$t74zBoUvU2UqITy4w6tKV.9t13wRygCvvB1YXnVyNlvb09tgvFzAK', 'fun', 1, '2025-11-23 12:02:21');

-- --------------------------------------------------------

--
-- 表的结构 `ad_positions`
--

CREATE TABLE `ad_positions` (
  `id` int(11) NOT NULL,
  `position_key` varchar(100) COLLATE utf8mb4_unicode_ci NOT NULL COMMENT '广告位标识（如：home_top, test_middle等）',
  `position_name` varchar(200) COLLATE utf8mb4_unicode_ci NOT NULL COMMENT '广告位名称',
  `ad_code` text COLLATE utf8mb4_unicode_ci COMMENT '广告代码（HTML/JavaScript）',
  `ad_type` enum('code','image','text') COLLATE utf8mb4_unicode_ci DEFAULT 'code' COMMENT '广告类型：code=代码广告, image=图片广告, text=文字广告',
  `image_url` varchar(500) COLLATE utf8mb4_unicode_ci DEFAULT NULL COMMENT '图片广告URL',
  `link_url` varchar(500) COLLATE utf8mb4_unicode_ci DEFAULT NULL COMMENT '链接地址',
  `alt_text` varchar(200) COLLATE utf8mb4_unicode_ci DEFAULT NULL COMMENT '图片alt文本',
  `is_enabled` tinyint(1) DEFAULT '1' COMMENT '是否启用',
  `display_pages` varchar(500) COLLATE utf8mb4_unicode_ci DEFAULT NULL COMMENT '显示页面（逗号分隔：home,test,result）',
  `priority` int(11) DEFAULT '0' COMMENT '优先级（数字越大越优先）',
  `max_display_count` int(11) DEFAULT '0' COMMENT '最大显示次数（0=不限制）',
  `start_date` datetime DEFAULT NULL COMMENT '开始日期',
  `end_date` datetime DEFAULT NULL COMMENT '结束日期',
  `created_at` datetime DEFAULT CURRENT_TIMESTAMP,
  `updated_at` datetime DEFAULT CURRENT_TIMESTAMP ON UPDATE CURRENT_TIMESTAMP
) ENGINE=InnoDB DEFAULT CHARSET=utf8mb4 COLLATE=utf8mb4_unicode_ci COMMENT='广告位配置表';

--
-- 转存表中的数据 `ad_positions`
--

INSERT INTO `ad_positions` (`id`, `position_key`, `position_name`, `ad_code`, `ad_type`, `image_url`, `link_url`, `alt_text`, `is_enabled`, `display_pages`, `priority`, `max_display_count`, `start_date`, `end_date`, `created_at`, `updated_at`) VALUES
(1, 'home_top', '首页顶部横幅', '网站测试中！！！', 'text', '', 'https://fun.dofun.fun/', '', 1, 'home', 10, 0, NULL, NULL, '2025-11-23 03:55:30', '2025-11-23 04:12:12'),
(2, 'home_middle', '首页中间广告', '首页中间广告', 'text', '', 'https://fun.dofun.fun/', '', 1, 'home', 8, 0, NULL, NULL, '2025-11-23 03:55:30', '2025-11-23 05:49:48'),
(3, 'home_bottom', '首页底部广告', '首页底部广告', 'text', '', 'https://fun.dofun.fun/', '', 1, 'home', 5, 0, NULL, NULL, '2025-11-23 03:55:30', '2025-11-23 05:51:58'),
(4, 'test_top', '测验页顶部', '测验页顶部', 'text', '', 'https://fun.dofun.fun/', '', 1, 'test', 10, 0, NULL, NULL, '2025-11-23 03:55:30', '2025-11-23 05:49:09'),
(5, 'test_middle', '测验页中间', '测验页中间', 'text', '', 'https://fun.dofun.fun/', '', 1, 'test', 8, 0, NULL, NULL, '2025-11-23 03:55:30', '2025-11-23 05:50:36'),
(6, 'test_bottom', '测验页底部', '测验页底部', 'text', '', 'https://fun.dofun.fun/', '', 1, 'test', 5, 0, NULL, NULL, '2025-11-23 03:55:30', '2025-11-23 05:52:49'),
(7, 'result_top', '结果页顶部', '结果页顶部广告', 'text', '', 'https://fun.dofun.fun/', '', 1, 'result', 10, 0, NULL, NULL, '2025-11-23 03:55:30', '2025-11-23 05:48:11'),
(8, 'result_middle', '结果页中间', '结果页中间', 'text', '', 'https://fun.dofun.fun/', '', 1, 'result', 8, 0, NULL, NULL, '2025-11-23 03:55:30', '2025-11-23 05:50:10'),
(9, 'result_bottom', '结果页底部', '结果页底部', 'text', '', 'https://fun.dofun.fun/', '', 1, 'result', 5, 0, NULL, NULL, '2025-11-23 03:55:30', '2025-11-23 05:52:16');

-- --------------------------------------------------------

--
-- 表的结构 `backup_logs`
--

CREATE TABLE `backup_logs` (
  `id` int(10) UNSIGNED NOT NULL,
  `filename` varchar(255) COLLATE utf8mb4_unicode_ci NOT NULL,
  `file_path` varchar(255) COLLATE utf8mb4_unicode_ci NOT NULL,
  `file_size` bigint(20) UNSIGNED NOT NULL DEFAULT '0',
  `status` varchar(20) COLLATE utf8mb4_unicode_ci NOT NULL DEFAULT 'success',
  `message` varchar(255) COLLATE utf8mb4_unicode_ci DEFAULT NULL,
  `ip` varchar(45) COLLATE utf8mb4_unicode_ci DEFAULT NULL,
  `created_at` datetime NOT NULL DEFAULT CURRENT_TIMESTAMP
) ENGINE=InnoDB DEFAULT CHARSET=utf8mb4 COLLATE=utf8mb4_unicode_ci;

-- --------------------------------------------------------

--
-- 表的结构 `migrations`
--

CREATE TABLE `migrations` (
  `id` int(10) UNSIGNED NOT NULL,
  `migration` varchar(255) COLLATE utf8mb4_unicode_ci NOT NULL,
  `batch` int(10) UNSIGNED NOT NULL,
  `executed_at` timestamp NULL DEFAULT CURRENT_TIMESTAMP
) ENGINE=InnoDB DEFAULT CHARSET=utf8mb4 COLLATE=utf8mb4_unicode_ci;

-- --------------------------------------------------------

--
-- 表的结构 `motivational_quotes`
--

CREATE TABLE `motivational_quotes` (
  `id` int(10) UNSIGNED NOT NULL,
  `quote_text` text COLLATE utf8mb4_unicode_ci NOT NULL COMMENT '名言内容',
  `is_active` tinyint(1) NOT NULL DEFAULT '1' COMMENT '是否启用',
  `sort_order` int(11) NOT NULL DEFAULT '0' COMMENT '排序顺序',
  `created_at` datetime NOT NULL DEFAULT CURRENT_TIMESTAMP,
  `updated_at` datetime NOT NULL DEFAULT CURRENT_TIMESTAMP ON UPDATE CURRENT_TIMESTAMP
) ENGINE=InnoDB DEFAULT CHARSET=utf8mb4 COLLATE=utf8mb4_unicode_ci COMMENT='心理激励名言表';

--
-- 转存表中的数据 `motivational_quotes`
--

INSERT INTO `motivational_quotes` (`id`, `quote_text`, `is_active`, `sort_order`, `created_at`, `updated_at`) VALUES
(1, '你正在变得更了解自己。', 1, 1, '2025-11-23 02:44:20', '2025-11-23 02:44:20'),
(2, '每一次选择都在构建未来。', 1, 2, '2025-11-23 02:44:20', '2025-11-23 02:44:20'),
(3, '先接纳，再改变。', 1, 3, '2025-11-23 02:44:20', '2025-11-23 02:44:20'),
(4, '你不需要完美才值得被爱。', 1, 4, '2025-11-23 02:44:20', '2025-11-23 02:44:20'),
(5, '有些答案，正在靠近你。', 1, 5, '2025-11-23 02:44:20', '2025-11-23 02:44:20'),
(6, '温柔的人，也可以很强大。', 1, 6, '2025-11-23 02:44:20', '2025-11-23 02:44:20'),
(7, '情绪会过去，但你会留下。', 1, 7, '2025-11-23 02:44:20', '2025-11-23 02:44:20'),
(8, '允许自己慢一点。', 1, 8, '2025-11-23 02:44:20', '2025-11-23 02:44:20'),
(9, '世界在等你成为你自己。', 1, 9, '2025-11-23 02:44:20', '2025-11-23 02:44:20'),
(10, '你正在走出旧故事。', 1, 10, '2025-11-23 02:44:20', '2025-11-23 02:44:20'),
(11, '情绪不是敌人，是信使。', 1, 11, '2025-11-23 02:44:20', '2025-11-23 02:44:20'),
(12, '你的感受很重要。', 1, 12, '2025-11-23 02:44:20', '2025-11-23 02:44:20'),
(13, '勇敢的人不是不怕，是继续前行。', 1, 13, '2025-11-23 02:44:20', '2025-11-23 02:44:20'),
(14, '别急着否定自己。', 1, 14, '2025-11-23 02:44:20', '2025-11-23 02:44:20'),
(15, '你在成长的路上，一点没少。', 1, 15, '2025-11-23 02:44:20', '2025-11-23 02:44:20'),
(16, '所有经历都算数。', 1, 16, '2025-11-23 02:44:20', '2025-11-23 02:44:20'),
(17, '学会温柔地为自己站一次队。', 1, 17, '2025-11-23 02:44:20', '2025-11-23 02:44:20'),
(18, '别和昨天的自己较劲。', 1, 18, '2025-11-23 02:44:20', '2025-11-23 02:44:20'),
(19, '不要低估自己的恢复力。', 1, 19, '2025-11-23 02:44:20', '2025-11-23 02:44:20'),
(20, '慢慢来会比较快。', 1, 20, '2025-11-23 02:44:20', '2025-11-23 02:44:20'),
(21, '你值得大方地被爱。', 1, 21, '2025-11-23 02:44:20', '2025-11-23 02:44:20'),
(22, '情绪是被卡住的需求。', 1, 22, '2025-11-23 02:44:20', '2025-11-23 02:44:20'),
(23, '当你看见自己，世界才看见你。', 1, 23, '2025-11-23 02:44:20', '2025-11-23 02:44:20'),
(24, '你的敏感是一种天赋。', 1, 24, '2025-11-23 02:44:20', '2025-11-23 02:44:20'),
(25, '把\"不够好\"还给昨天。', 1, 25, '2025-11-23 02:44:20', '2025-11-23 02:44:20'),
(26, '这不是软弱，是勇气。', 1, 26, '2025-11-23 02:44:20', '2025-11-23 02:44:20'),
(27, '爱是允许彼此不完美。', 1, 27, '2025-11-23 02:44:20', '2025-11-23 02:44:20'),
(28, '没有人天生就知道怎么生活。', 1, 28, '2025-11-23 02:44:20', '2025-11-23 02:44:20'),
(29, '你已经走得很远了。', 1, 29, '2025-11-23 02:44:20', '2025-11-23 02:44:20'),
(30, '安全感不是别人给的，是你容纳自己的能力。', 1, 30, '2025-11-23 02:44:20', '2025-11-23 02:44:20'),
(31, '今天比昨天更懂自己一点。', 1, 31, '2025-11-23 02:44:20', '2025-11-23 02:44:20'),
(32, '有些恐惧，只是尚未理解。', 1, 32, '2025-11-23 02:44:20', '2025-11-23 02:44:20'),
(33, '不用急着给人生按答案。', 1, 33, '2025-11-23 02:44:20', '2025-11-23 02:44:20'),
(34, '选择你想成为的自己。', 1, 34, '2025-11-23 02:44:20', '2025-11-23 02:44:20'),
(35, '自我和解，是最难的勇气。', 1, 35, '2025-11-23 02:44:20', '2025-11-23 02:44:20'),
(36, '不是失败，是正在前进。', 1, 36, '2025-11-23 02:44:20', '2025-11-23 02:44:20'),
(37, '你值得被听见。', 1, 37, '2025-11-23 02:44:20', '2025-11-23 02:44:20'),
(38, '请允许自己快乐。', 1, 38, '2025-11-23 02:44:20', '2025-11-23 02:44:20'),
(39, '有的夜会暗，但你终会发光。', 1, 39, '2025-11-23 02:44:20', '2025-11-23 02:44:20'),
(40, '你不需要讨好风暴。', 1, 40, '2025-11-23 02:44:20', '2025-11-23 02:44:20'),
(41, '值得的人，会读懂你的沉默。', 1, 41, '2025-11-23 02:44:20', '2025-11-23 02:44:20'),
(42, '每一次心动都是线索。', 1, 42, '2025-11-23 02:44:20', '2025-11-23 02:44:20'),
(43, '你的渴望不会无缘无故。', 1, 43, '2025-11-23 02:44:20', '2025-11-23 02:44:20'),
(44, '生活不是考试，是旅程。', 1, 44, '2025-11-23 02:44:20', '2025-11-23 02:44:20'),
(45, '别急着说\"没事\"。', 1, 45, '2025-11-23 02:44:20', '2025-11-23 02:44:20'),
(46, '给脆弱也留个座位。', 1, 46, '2025-11-23 02:44:20', '2025-11-23 02:44:20'),
(47, '你正在长大，也正在发光。', 1, 47, '2025-11-23 02:44:20', '2025-11-23 02:44:20'),
(48, '有些爱，要先给自己。', 1, 48, '2025-11-23 02:44:20', '2025-11-23 02:44:20'),
(49, '被看见是第一步。', 1, 49, '2025-11-23 02:44:20', '2025-11-23 02:44:20'),
(50, '现在的你已经足够。', 1, 50, '2025-11-23 02:44:20', '2025-11-23 02:44:20'),
(51, '过去的你也在努力。', 1, 51, '2025-11-23 02:44:20', '2025-11-23 02:44:20'),
(52, '别怕犯错，那是成长的证据。', 1, 52, '2025-11-23 02:44:20', '2025-11-23 02:44:20'),
(53, '你可以同时很坚强，也很柔软。', 1, 53, '2025-11-23 02:44:20', '2025-11-23 02:44:20'),
(54, '善良不是妥协。', 1, 54, '2025-11-23 02:44:20', '2025-11-23 02:44:20'),
(55, '说不，也是一种爱人方式。', 1, 55, '2025-11-23 02:44:20', '2025-11-23 02:44:20'),
(56, '接住自己，胜过任何掌声。', 1, 56, '2025-11-23 02:44:20', '2025-11-23 02:44:20'),
(57, '你值得拥有安全的人与关系。', 1, 57, '2025-11-23 02:44:20', '2025-11-23 02:44:20'),
(58, '心会痛，是它还活着。', 1, 58, '2025-11-23 02:44:20', '2025-11-23 02:44:20'),
(59, '不必为自己的情绪道歉。', 1, 59, '2025-11-23 02:44:20', '2025-11-23 02:44:20'),
(60, '真实永远比讨好更美。', 1, 60, '2025-11-23 02:44:20', '2025-11-23 02:44:20'),
(61, '你的存在已经是奇迹。', 1, 61, '2025-11-23 02:44:20', '2025-11-23 02:44:20'),
(62, '人生不是完形填空。', 1, 62, '2025-11-23 02:44:20', '2025-11-23 02:44:20'),
(63, '成长不是变强，是变暖。', 1, 63, '2025-11-23 02:44:20', '2025-11-23 02:44:20'),
(64, '不完美的人也会被深爱。', 1, 64, '2025-11-23 02:44:20', '2025-11-23 02:44:20'),
(65, '你是答案的一部分。', 1, 65, '2025-11-23 02:44:20', '2025-11-23 02:44:20'),
(66, '自尊是你送给自己的底牌。', 1, 66, '2025-11-23 02:44:20', '2025-11-23 02:44:20'),
(67, '世界温柔地等你回来。', 1, 67, '2025-11-23 02:44:20', '2025-11-23 02:44:20'),
(68, '值得的人，会靠近你。', 1, 68, '2025-11-23 02:44:20', '2025-11-23 02:44:20'),
(69, '你不是负担，你是礼物。', 1, 69, '2025-11-23 02:44:20', '2025-11-23 02:44:20'),
(70, '现在做的事，都算前进。', 1, 70, '2025-11-23 02:44:20', '2025-11-23 02:44:20'),
(71, '和自己和好，生活就会变好。', 1, 71, '2025-11-23 02:44:20', '2025-11-23 02:44:20'),
(72, '你是唯一版本的你。', 1, 72, '2025-11-23 02:44:20', '2025-11-23 02:44:20'),
(73, '生活会突然变好，悄悄地。', 1, 73, '2025-11-23 02:44:20', '2025-11-23 02:44:20'),
(74, '累了就停一下，不算退缩。', 1, 74, '2025-11-23 02:44:20', '2025-11-23 02:44:20'),
(75, '你有权选择离开伤害。', 1, 75, '2025-11-23 02:44:20', '2025-11-23 02:44:20'),
(76, '真正的勇气是脆弱的呈现。', 1, 76, '2025-11-23 02:44:20', '2025-11-23 02:44:20'),
(77, '不必拥有所有答案。', 1, 77, '2025-11-23 02:44:20', '2025-11-23 02:44:20'),
(78, '心再重，也能被接住。', 1, 78, '2025-11-23 02:44:20', '2025-11-23 02:44:20'),
(79, '慢慢修复，也是一种前进。', 1, 79, '2025-11-23 02:44:20', '2025-11-23 02:44:20'),
(80, '好的关系让你喜欢现在的自己。', 1, 80, '2025-11-23 02:44:20', '2025-11-23 02:44:20'),
(81, '自由从承认自己开始。', 1, 81, '2025-11-23 02:44:20', '2025-11-23 02:44:20'),
(82, '你值得一整个春天。', 1, 82, '2025-11-23 02:44:20', '2025-11-23 02:44:20'),
(83, '每一次呼吸都是更新。', 1, 83, '2025-11-23 02:44:20', '2025-11-23 02:44:20'),
(84, '你的感受，不是小题大做。', 1, 84, '2025-11-23 02:44:20', '2025-11-23 02:44:20'),
(85, '接纳，是温柔的力量。', 1, 85, '2025-11-23 02:44:20', '2025-11-23 02:44:20'),
(86, '有些事现在不懂也没关系。', 1, 86, '2025-11-23 02:44:20', '2025-11-23 02:44:20'),
(87, '你的故事正在展开。', 1, 87, '2025-11-23 02:44:20', '2025-11-23 02:44:20'),
(88, '你比自己想象的勇敢。', 1, 88, '2025-11-23 02:44:20', '2025-11-23 02:44:20'),
(89, '别害怕靠近幸福。', 1, 89, '2025-11-23 02:44:20', '2025-11-23 02:44:20'),
(90, '你永远值得被认真对待。', 1, 90, '2025-11-23 02:44:20', '2025-11-23 02:44:20'),
(91, '自我价值不靠别人定义。', 1, 91, '2025-11-23 02:44:20', '2025-11-23 02:44:20'),
(92, '你在悄悄变强。', 1, 92, '2025-11-23 02:44:20', '2025-11-23 02:44:20'),
(93, '别忘了自己也值得期待。', 1, 93, '2025-11-23 02:44:20', '2025-11-23 02:44:20'),
(94, '前路不会一直黑暗。', 1, 94, '2025-11-23 02:44:20', '2025-11-23 02:44:20'),
(95, '温柔是最高级的力量。', 1, 95, '2025-11-23 02:44:20', '2025-11-23 02:44:20'),
(96, '你不是退步，是在积蓄。', 1, 96, '2025-11-23 02:44:20', '2025-11-23 02:44:20'),
(97, '身心会慢慢对齐。', 1, 97, '2025-11-23 02:44:20', '2025-11-23 02:44:20'),
(98, '你已经做得很好了。', 1, 98, '2025-11-23 02:44:20', '2025-11-23 02:44:20'),
(99, '请相信，此刻值得。', 1, 99, '2025-11-23 02:44:20', '2025-11-23 02:44:20'),
(100, '先接纳，再改变。', 0, 100, '2025-11-23 12:01:06', '2025-11-23 12:01:13');

-- --------------------------------------------------------

--
-- 表的结构 `notifications`
--

CREATE TABLE `notifications` (
  `id` int(10) UNSIGNED NOT NULL,
  `user_id` int(10) UNSIGNED NOT NULL COMMENT '接收通知的用户ID',
  `title` varchar(255) COLLATE utf8mb4_unicode_ci NOT NULL COMMENT '通知标题',
  `content` text COLLATE utf8mb4_unicode_ci COMMENT '通知内容',
  `type` varchar(50) COLLATE utf8mb4_unicode_ci DEFAULT 'info' COMMENT '通知类型：info/warning/success/error',
  `is_read` tinyint(1) NOT NULL DEFAULT '0' COMMENT '是否已读：0未读，1已读',
  `created_at` datetime NOT NULL DEFAULT CURRENT_TIMESTAMP COMMENT '创建时间',
  `read_at` datetime DEFAULT NULL COMMENT '阅读时间'
) ENGINE=InnoDB DEFAULT CHARSET=utf8mb4 COLLATE=utf8mb4_unicode_ci COMMENT='用户通知表';

--
-- 转存表中的数据 `notifications`
--

INSERT INTO `notifications` (`id`, `user_id`, `title`, `content`, `type`, `is_read`, `created_at`, `read_at`) VALUES
(1, 1, '11', '22', 'info', 1, '2025-11-23 08:48:47', '2025-11-23 08:52:12'),
(2, 2, '11', '22', 'info', 0, '2025-11-23 08:48:47', NULL),
(3, 1, '65346', '346346', 'info', 1, '2025-11-23 08:52:55', '2025-11-23 08:53:06'),
(4, 2, '65346', '346346', 'info', 0, '2025-11-23 08:52:55', NULL),
(5, 1, '56546', '56546', 'info', 1, '2025-11-23 08:53:17', '2025-11-23 08:53:28'),
(6, 2, '56546', '56546', 'info', 0, '2025-11-23 08:53:17', NULL),
(13, 3, 'www', 'ww', 'info', 0, '2025-11-23 12:00:38', NULL),
(14, 2, 'www', 'ww', 'info', 0, '2025-11-23 12:00:38', NULL);

-- --------------------------------------------------------

--
-- 表的结构 `questions`
--

CREATE TABLE `questions` (
  `id` int(10) UNSIGNED NOT NULL,
  `test_id` int(10) UNSIGNED NOT NULL,
  `question_text` text COLLATE utf8mb4_unicode_ci NOT NULL,
  `sort_order` int(11) NOT NULL DEFAULT '0',
  `created_at` datetime NOT NULL DEFAULT CURRENT_TIMESTAMP
) ENGINE=InnoDB DEFAULT CHARSET=utf8mb4 COLLATE=utf8mb4_unicode_ci;

--
-- 转存表中的数据 `questions`
--

INSERT INTO `questions` (`id`, `test_id`, `question_text`, `sort_order`, `created_at`) VALUES
(1, 1, '周末突然多出一整天，你最可能怎么安排？', 1, '2025-11-20 01:18:17'),
(2, 1, '遇到工作/生活里的难题，你第一反应是什么？', 2, '2025-11-20 01:18:17'),
(3, 1, '别人评价你「有点难靠近」时，你觉得最可能的原因是？', 3, '2025-11-20 01:18:17'),
(4, 1, '如果必须在一个完全陌生的城市生活半年，你最在意先搞定哪件事？', 4, '2025-11-20 01:18:17'),
(5, 1, '当你做成一件重要的事，你最自然的反应是？', 5, '2025-11-20 01:18:17'),
(6, 2, '当你对一个人有情绪时，你最自然的做法是？', 1, '2025-11-20 02:23:37'),
(7, 2, '当关系中出现误会时，你会？', 2, '2025-11-20 02:23:37'),
(8, 2, '如果喜欢一个人，你通常会…？', 3, '2025-11-20 02:23:37'),
(9, 2, '当你受委屈时，你更可能？', 4, '2025-11-20 02:23:37'),
(10, 2, '当你意识到自己“在乎某人”时，你的本能反应是？', 5, '2025-11-20 02:23:37'),
(14, 3, '遇到一群新朋友时，你更可能？！', 1, '2025-11-20 02:47:12'),
(15, 3, '做重要决定时，你更信任？', 2, '2025-11-20 02:47:25'),
(16, 3, '下班/下课后，你更期待？', 3, '2025-11-20 02:47:31'),
(27, 6, '1. 下班（或放学）后，有人临时约你出去，你第一反应是？???', 1, '2025-11-20 13:42:50'),
(28, 6, '2. 在一个有十几个人的小聚会里，你通常处在什么状态？', 2, '2025-11-20 13:42:50'),
(29, 6, '3. 你最近多久会有一次“把手机丢一边，谁也不想回消息”的时刻？', 3, '2025-11-20 13:42:50'),
(30, 6, '4. 当你在群聊里分享了一件事，但很久没人回复，你的感受更接近于？', 4, '2025-11-20 13:42:50'),
(31, 6, '5. 如果这几天突然多了几个新的社交邀约，你的内心 OS 大概是？', 5, '2025-11-20 13:42:51'),
(32, 7, '在聚会中你通常怎么站？', 1, '2025-11-21 05:59:06'),
(33, 7, '第一次见面的谈话里，你最常做的是？', 2, '2025-11-21 05:59:06'),
(34, 7, '如果朋友带来一个新朋友，你会？', 3, '2025-11-21 05:59:06'),
(35, 7, '当场面安静下来，你通常？', 4, '2025-11-21 05:59:06'),
(36, 7, '你更喜欢怎样的社交状态？', 5, '2025-11-21 05:59:06'),
(37, 7, '在群聊里，你的发言风格是？', 6, '2025-11-21 05:59:06'),
(38, 7, '当你走进一间屋子，你给人的第一印象是？', 7, '2025-11-21 05:59:06'),
(39, 7, '当你想跟某人变熟，你会？', 8, '2025-11-21 05:59:06'),
(40, 7, '聚餐时，菜单交给你，你会？', 9, '2025-11-21 05:59:06'),
(41, 7, '如果全场都在等你说话，你会？', 10, '2025-11-21 05:59:06'),
(42, 7, '当你遇到一个新环境，你更像？', 11, '2025-11-21 05:59:06'),
(43, 7, '开会或讨论时，你的存在感是？', 12, '2025-11-21 05:59:06'),
(44, 7, '当朋友哭了，你会？', 13, '2025-11-21 05:59:06'),
(45, 7, '当别人误解你，你的第一反应是？', 14, '2025-11-21 05:59:06'),
(46, 7, '当你喜欢的人突然冷淡，你会？', 15, '2025-11-21 05:59:06'),
(47, 7, '你安慰自己的方式是？', 16, '2025-11-21 05:59:06'),
(48, 7, '当你遇到突发的小麻烦，你第一反应是？', 17, '2025-11-21 05:59:06'),
(49, 7, '当别人语气突然变冲，你通常？', 18, '2025-11-21 05:59:06'),
(50, 7, '面对亲密关系的争吵，你更像？', 19, '2025-11-21 05:59:06'),
(51, 7, '当你心情低落时，你最希望别人对你说什么？', 20, '2025-11-21 05:59:06'),
(52, 7, '你在喜欢的人面前，最容易暴露的特质是？', 21, '2025-11-21 05:59:06'),
(53, 7, '当你情绪快要失控时，你会？', 22, '2025-11-21 05:59:06'),
(54, 7, '别人向你倾诉时，你更常？', 23, '2025-11-21 05:59:06'),
(55, 7, '当你喜欢的人很累很崩溃，你最自然的做法是？', 24, '2025-11-21 05:59:06'),
(56, 7, '当你做决定时，你更依赖？', 25, '2025-11-21 05:59:06'),
(57, 7, '当你在等某人回复消息时，你会？', 26, '2025-11-21 05:59:06'),
(58, 7, '你在与人相处时，最看重什么？', 27, '2025-11-21 05:59:06'),
(59, 7, '你更习惯怎样的表达方式？', 28, '2025-11-21 05:59:06'),
(60, 7, '如果你要解释一件复杂的事，你会？', 29, '2025-11-21 05:59:06'),
(61, 7, '当你遇到一个很聪明的人，你的反应是？', 30, '2025-11-21 05:59:06'),
(62, 7, '当你觉得某人有点喜欢你时，你通常？', 31, '2025-11-21 05:59:06'),
(63, 7, '你处理问题的节奏更像？', 32, '2025-11-21 05:59:06'),
(64, 7, '你会被什么样的人吸引？', 33, '2025-11-21 05:59:06'),
(65, 7, '当你和别人聊到兴奋处，你通常会？', 34, '2025-11-21 05:59:06'),
(66, 7, '当别人给出与你不同的观点，你会？', 35, '2025-11-21 05:59:06'),
(67, 7, '你表达喜欢的方式更像？', 36, '2025-11-21 05:59:06'),
(68, 7, '喜欢的人突然秒回你，你的感觉是？', 37, '2025-11-21 05:59:06'),
(69, 7, '如果你和喜欢的人走在街上，他突然停下来盯着你，你会？', 38, '2025-11-21 05:59:06'),
(70, 7, '你希望别人被你哪一点吸引？', 39, '2025-11-21 05:59:06'),
(71, 7, '在爱情里，你最自然的主动方式是？', 40, '2025-11-21 05:59:06'),
(72, 7, '当事情突然变得很混乱，你会？', 41, '2025-11-21 05:59:06'),
(73, 7, '你在快要爆发时，更像？', 42, '2025-11-21 05:59:06'),
(74, 7, '当有人说了一句让你不舒服的话，你第一反应是？', 43, '2025-11-21 05:59:06'),
(75, 7, '当你被要求在众人面前做决定，你通常？', 44, '2025-11-21 05:59:06'),
(76, 7, '当你很累很烦时，你的状态像？', 45, '2025-11-21 05:59:06'),
(77, 7, '如果你被突然否定，你会？', 46, '2025-11-21 05:59:06'),
(78, 7, '在压力很大时，你更像是哪种人？', 47, '2025-11-21 05:59:06'),
(79, 7, '当工作或生活一团糟时，你最想要？', 48, '2025-11-21 05:59:06'),
(80, 7, '当你觉得快撑不住时，你会？', 49, '2025-11-21 05:59:06'),
(81, 7, '如果让你总结自己在压力下的真实样子，你更像？', 50, '2025-11-21 05:59:06'),
(115, 12, '周末不用上班，你醒来发现今天完全是属于你自己的一天，你最可能怎么安排？', 1, '2025-11-21 11:41:20'),
(116, 12, '在一群人都在激烈讨论的话题中，你通常的状态是？', 2, '2025-11-21 11:41:20'),
(117, 12, '如果你走在路上，突然下起雨而你没带伞，你第一反应是？', 3, '2025-11-21 11:41:20'),
(118, 12, '朋友向你倾诉，很难过、眼睛都红了，你最有可能怎么回应？', 4, '2025-11-21 11:41:20'),
(119, 12, '在一段关系里，你最需要的是什么？', 5, '2025-11-21 11:41:20'),
(120, 12, '生活中，你对“规则”的态度更接近哪一种？', 6, '2025-11-21 11:41:20'),
(121, 12, '当你一个人走在夜路上时，脑子里更容易出现什么？', 7, '2025-11-21 11:41:20'),
(122, 12, '下面哪一句话最能戳中你，对你说会让你很感动？', 8, '2025-11-21 11:41:20'),
(123, 12, '如果你必须在一个地方待上一年，你更希望是哪里？', 9, '2025-11-21 11:41:20'),
(124, 12, '当你被误解或者被冤枉时，你更可能？', 10, '2025-11-21 11:41:20'),
(125, 12, '如果把你的日常状态比作一种走路方式，你觉得更像？', 11, '2025-11-21 11:41:20'),
(126, 12, '如果你的灵魂动物可以给现在的你留一句话，你觉得会是什么？', 12, '2025-11-21 11:41:20'),
(127, 13, '休息日，你更像哪一种状态？~4444', 1, '2025-11-22 04:08:37'),
(128, 13, '有人突然来你家做客，你会？', 2, '2025-11-22 04:08:37'),
(129, 13, '如果必须二选一，你更希望别人夸你：', 3, '2025-11-22 04:08:37'),
(130, 14, '你早上醒来，第一个想到的是？', 1, '2025-11-24 08:52:59'),
(131, 14, '遇到突发问题时，你会？', 2, '2025-11-24 08:52:59'),
(132, 14, '如果意外得到一笔不小的钱，你会？', 3, '2025-11-24 08:52:59'),
(133, 14, '看完一部电影，你最常？', 4, '2025-11-24 08:52:59'),
(134, 14, '当朋友向你倾诉烦恼，你会？', 5, '2025-11-24 08:52:59'),
(135, 14, '你对“失败”的看法更接近？', 6, '2025-11-24 08:52:59'),
(136, 14, '你更喜欢别人说你？', 7, '2025-11-24 08:52:59'),
(137, 14, '你对未来的态度是？', 8, '2025-11-24 08:52:59'),
(138, 14, '意见不合时，你通常？', 9, '2025-11-24 08:52:59'),
(139, 14, '你最理想的休闲方式？', 10, '2025-11-24 08:52:59'),
(140, 14, '对身体健康的态度？', 11, '2025-11-24 08:52:59'),
(141, 14, '在社交场合你更像？', 12, '2025-11-24 08:52:59'),
(142, 14, '你怎么看待“改变”？', 13, '2025-11-24 08:52:59'),
(143, 14, '处理挫折的方式？', 14, '2025-11-24 08:52:59'),
(144, 14, '面对不认同的建议，你会？', 15, '2025-11-24 08:52:59'),
(145, 14, '如果明天有一件很有挑战的事等着你，你会？', 16, '2025-11-24 08:52:59'),
(146, 14, '关于“年轻”，你更认同哪种说法？', 17, '2025-11-24 08:52:59'),
(147, 14, '你觉得自己的心理年龄比实际年龄？', 18, '2025-11-24 08:52:59'),
(148, 15, '当面对棘手问题时，我通常：', 1, '2025-11-24 09:46:21'),
(149, 15, '看到团队有人掉链子，我会：', 2, '2025-11-24 09:46:21'),
(150, 15, '在一段亲密关系里，我最渴望：', 3, '2025-11-24 09:46:21'),
(151, 15, '别人最常这样评价我：', 4, '2025-11-24 09:46:21'),
(152, 15, '我最不喜欢自己被说成：', 5, '2025-11-24 09:46:21'),
(153, 15, '我处理情绪的方式更像：', 6, '2025-11-24 09:46:21'),
(154, 15, '面对明显的不公平，我更可能：', 7, '2025-11-24 09:46:21'),
(155, 15, '我更害怕哪一种感觉：', 8, '2025-11-24 09:46:21'),
(156, 15, '压力很大的时候，我的本能反应是：', 9, '2025-11-24 09:46:21'),
(157, 15, '我对“失败”的态度更接近：', 10, '2025-11-24 09:46:21'),
(158, 15, '我表达“喜欢”和在乎的方式更像：', 11, '2025-11-24 09:46:21'),
(159, 15, '当我被误解时，我通常会：', 12, '2025-11-24 09:46:21'),
(160, 15, '我做重要决定时，更依靠：', 13, '2025-11-24 09:46:21'),
(161, 15, '我最容易羡慕的人通常是：', 14, '2025-11-24 09:46:21'),
(162, 15, '在一段关系里，我更在乎对方是否：', 15, '2025-11-24 09:46:21'),
(163, 15, '如果只用一句话给自己定位，我更像：', 16, '2025-11-24 09:46:21'),
(164, 15, '在陌生场合，我通常会：', 17, '2025-11-24 09:46:21'),
(165, 15, '我最不愿让别人看到的样子是：', 18, '2025-11-24 09:46:21'),
(166, 15, '如果必须改变一点自己，我会希望：', 19, '2025-11-24 09:46:21'),
(167, 15, '说到未来，我的底色更像：', 20, '2025-11-24 09:46:21'),
(168, 16, '当你踏入一个陌生场景，你会先做什么？', 1, '2025-11-24 22:46:43'),
(169, 16, '当你朝一个目标前进时，你最害怕的是什么？', 2, '2025-11-24 22:46:43'),
(170, 16, '你最享受哪一种感觉？', 3, '2025-11-24 22:46:43'),
(171, 16, '如果你突然拥有一天“完全不受束缚”的力量，你会：', 4, '2025-11-24 22:46:43'),
(172, 16, '在一个团队或群体中，你最常自然地扮演：', 5, '2025-11-24 22:46:43'),
(173, 16, '面对一个你明显不喜欢的人，你会：', 6, '2025-11-24 22:46:43'),
(174, 16, '你对“未来”的直觉感觉更像：', 7, '2025-11-24 22:46:43'),
(175, 16, '如果可以选一项“灵魂天赋”，你更想要：', 8, '2025-11-24 22:46:43'),
(176, 16, '当你情绪低落时，你最希望别人：', 9, '2025-11-24 22:46:43'),
(177, 16, '你对“规则”的真实感受是：', 10, '2025-11-24 22:46:43'),
(178, 16, '你最在意别人怎样评价你：', 11, '2025-11-24 22:46:43'),
(179, 16, '如果必须选一种人生节奏，你会更倾向：', 12, '2025-11-24 22:46:43'),
(180, 16, '哪一句更接近你对“敏感”的理解？', 13, '2025-11-24 22:46:43'),
(181, 16, '一个人最值得被信任的地方是：', 14, '2025-11-24 22:46:43'),
(182, 16, '你面对困难时最本能的反应是：', 15, '2025-11-24 22:46:43'),
(183, 16, '夜深到只剩你一个人清醒时，你更像：', 16, '2025-11-24 22:46:43');

-- --------------------------------------------------------

--
-- 表的结构 `question_answers`
--

CREATE TABLE `question_answers` (
  `id` bigint(20) UNSIGNED NOT NULL,
  `test_run_id` bigint(20) UNSIGNED DEFAULT NULL,
  `test_id` int(10) UNSIGNED NOT NULL,
  `question_id` int(10) UNSIGNED NOT NULL,
  `option_key` char(1) COLLATE utf8mb4_unicode_ci NOT NULL,
  `created_at` datetime NOT NULL DEFAULT CURRENT_TIMESTAMP
) ENGINE=InnoDB DEFAULT CHARSET=utf8mb4 COLLATE=utf8mb4_unicode_ci;

--
-- 转存表中的数据 `question_answers`
--

INSERT INTO `question_answers` (`id`, `test_run_id`, `test_id`, `question_id`, `option_key`, `created_at`) VALUES
(1, 59, 6, 27, 'C', '2025-11-22 03:29:03'),
(2, 59, 6, 28, 'C', '2025-11-22 03:29:03'),
(3, 59, 6, 29, 'D', '2025-11-22 03:29:03'),
(4, 59, 6, 30, 'D', '2025-11-22 03:29:03'),
(5, 59, 6, 31, 'B', '2025-11-22 03:29:03'),
(6, 101, 13, 127, 'A', '2025-11-23 10:37:29'),
(7, 101, 13, 128, 'B', '2025-11-23 10:37:29'),
(8, 101, 13, 129, 'A', '2025-11-23 10:37:29'),
(9, 102, 3, 14, 'A', '2025-11-23 11:08:29'),
(10, 102, 3, 15, 'A', '2025-11-23 11:08:29'),
(11, 102, 3, 16, 'A', '2025-11-23 11:08:29'),
(12, 103, 12, 115, 'A', '2025-11-23 11:29:09'),
(13, 103, 12, 116, 'B', '2025-11-23 11:29:09'),
(14, 103, 12, 117, 'B', '2025-11-23 11:29:09'),
(15, 103, 12, 118, 'A', '2025-11-23 11:29:09'),
(16, 103, 12, 119, 'C', '2025-11-23 11:29:09'),
(17, 103, 12, 120, 'C', '2025-11-23 11:29:09'),
(18, 103, 12, 121, 'C', '2025-11-23 11:29:09'),
(19, 103, 12, 122, 'C', '2025-11-23 11:29:09'),
(20, 103, 12, 123, 'C', '2025-11-23 11:29:09'),
(21, 103, 12, 124, 'C', '2025-11-23 11:29:09'),
(22, 103, 12, 125, 'C', '2025-11-23 11:29:09'),
(23, 103, 12, 126, 'C', '2025-11-23 11:29:09'),
(24, 104, 12, 115, 'A', '2025-11-23 11:56:34'),
(25, 104, 12, 116, 'C', '2025-11-23 11:56:34'),
(26, 104, 12, 117, 'B', '2025-11-23 11:56:34'),
(27, 104, 12, 118, 'B', '2025-11-23 11:56:34'),
(28, 104, 12, 119, 'A', '2025-11-23 11:56:34'),
(29, 104, 12, 120, 'A', '2025-11-23 11:56:34'),
(30, 104, 12, 121, 'A', '2025-11-23 11:56:34'),
(31, 104, 12, 122, 'A', '2025-11-23 11:56:34'),
(32, 104, 12, 123, 'A', '2025-11-23 11:56:34'),
(33, 104, 12, 124, 'B', '2025-11-23 11:56:34'),
(34, 104, 12, 125, 'B', '2025-11-23 11:56:34'),
(35, 104, 12, 126, 'B', '2025-11-23 11:56:34'),
(36, 105, 3, 14, 'A', '2025-11-23 11:57:55'),
(37, 105, 3, 15, 'A', '2025-11-23 11:57:55'),
(38, 105, 3, 16, 'A', '2025-11-23 11:57:55'),
(39, 106, 3, 14, 'A', '2025-11-23 11:58:44'),
(40, 106, 3, 15, 'A', '2025-11-23 11:58:44'),
(41, 106, 3, 16, 'B', '2025-11-23 11:58:44'),
(42, 107, 3, 14, 'D', '2025-11-23 11:58:58'),
(43, 107, 3, 15, 'B', '2025-11-23 11:58:58'),
(44, 107, 3, 16, 'A', '2025-11-23 11:58:58'),
(45, 108, 13, 127, 'A', '2025-11-23 12:19:09'),
(46, 108, 13, 128, 'B', '2025-11-23 12:19:09'),
(47, 108, 13, 129, 'B', '2025-11-23 12:19:09'),
(48, 109, 13, 127, 'A', '2025-11-23 12:20:41'),
(49, 109, 13, 128, 'B', '2025-11-23 12:20:41'),
(50, 109, 13, 129, 'B', '2025-11-23 12:20:41'),
(51, 110, 14, 130, 'A', '2025-11-24 08:53:17'),
(52, 110, 14, 131, 'B', '2025-11-24 08:53:17'),
(53, 110, 14, 132, 'B', '2025-11-24 08:53:17'),
(54, 110, 14, 133, 'B', '2025-11-24 08:53:17'),
(55, 110, 14, 134, 'A', '2025-11-24 08:53:17'),
(56, 110, 14, 135, 'A', '2025-11-24 08:53:17'),
(57, 110, 14, 136, 'A', '2025-11-24 08:53:17'),
(58, 110, 14, 137, 'A', '2025-11-24 08:53:17'),
(59, 110, 14, 138, 'A', '2025-11-24 08:53:17'),
(60, 110, 14, 139, 'A', '2025-11-24 08:53:17'),
(61, 110, 14, 140, 'A', '2025-11-24 08:53:17'),
(62, 110, 14, 141, 'A', '2025-11-24 08:53:17'),
(63, 110, 14, 142, 'A', '2025-11-24 08:53:17'),
(64, 110, 14, 143, 'A', '2025-11-24 08:53:17'),
(65, 110, 14, 144, 'A', '2025-11-24 08:53:17'),
(66, 110, 14, 145, 'A', '2025-11-24 08:53:17'),
(67, 110, 14, 146, 'A', '2025-11-24 08:53:17'),
(68, 110, 14, 147, 'A', '2025-11-24 08:53:17'),
(69, 111, 1, 1, 'A', '2025-11-24 08:53:56'),
(70, 111, 1, 2, 'A', '2025-11-24 08:53:56'),
(71, 111, 1, 3, 'A', '2025-11-24 08:53:56'),
(72, 111, 1, 4, 'B', '2025-11-24 08:53:56'),
(73, 111, 1, 5, 'A', '2025-11-24 08:53:56'),
(74, 112, 15, 148, 'B', '2025-11-24 09:47:04'),
(75, 112, 15, 149, 'B', '2025-11-24 09:47:04'),
(76, 112, 15, 150, 'B', '2025-11-24 09:47:04'),
(77, 112, 15, 151, 'B', '2025-11-24 09:47:04'),
(78, 112, 15, 152, 'C', '2025-11-24 09:47:04'),
(79, 112, 15, 153, 'A', '2025-11-24 09:47:04'),
(80, 112, 15, 154, 'A', '2025-11-24 09:47:04'),
(81, 112, 15, 155, 'A', '2025-11-24 09:47:04'),
(82, 112, 15, 156, 'A', '2025-11-24 09:47:04'),
(83, 112, 15, 157, 'A', '2025-11-24 09:47:04'),
(84, 112, 15, 158, 'A', '2025-11-24 09:47:04'),
(85, 112, 15, 159, 'A', '2025-11-24 09:47:04'),
(86, 112, 15, 160, 'B', '2025-11-24 09:47:04'),
(87, 112, 15, 161, 'A', '2025-11-24 09:47:04'),
(88, 112, 15, 162, 'A', '2025-11-24 09:47:04'),
(89, 112, 15, 163, 'B', '2025-11-24 09:47:04'),
(90, 112, 15, 164, 'A', '2025-11-24 09:47:04'),
(91, 112, 15, 165, 'A', '2025-11-24 09:47:04'),
(92, 112, 15, 166, 'A', '2025-11-24 09:47:04'),
(93, 112, 15, 167, 'A', '2025-11-24 09:47:04'),
(94, 113, 14, 130, 'B', '2025-11-24 10:38:07'),
(95, 113, 14, 131, 'C', '2025-11-24 10:38:07'),
(96, 113, 14, 132, 'C', '2025-11-24 10:38:07'),
(97, 113, 14, 133, 'C', '2025-11-24 10:38:07'),
(98, 113, 14, 134, 'B', '2025-11-24 10:38:07'),
(99, 113, 14, 135, 'B', '2025-11-24 10:38:07'),
(100, 113, 14, 136, 'B', '2025-11-24 10:38:07'),
(101, 113, 14, 137, 'B', '2025-11-24 10:38:07'),
(102, 113, 14, 138, 'B', '2025-11-24 10:38:07'),
(103, 113, 14, 139, 'B', '2025-11-24 10:38:07'),
(104, 113, 14, 140, 'B', '2025-11-24 10:38:07'),
(105, 113, 14, 141, 'B', '2025-11-24 10:38:07'),
(106, 113, 14, 142, 'B', '2025-11-24 10:38:07'),
(107, 113, 14, 143, 'B', '2025-11-24 10:38:07'),
(108, 113, 14, 144, 'B', '2025-11-24 10:38:07'),
(109, 113, 14, 145, 'B', '2025-11-24 10:38:07'),
(110, 113, 14, 146, 'B', '2025-11-24 10:38:07'),
(111, 113, 14, 147, 'B', '2025-11-24 10:38:07'),
(112, 114, 15, 148, 'A', '2025-11-24 10:45:57'),
(113, 114, 15, 149, 'C', '2025-11-24 10:45:57'),
(114, 114, 15, 150, 'B', '2025-11-24 10:45:57'),
(115, 114, 15, 151, 'B', '2025-11-24 10:45:57'),
(116, 114, 15, 152, 'A', '2025-11-24 10:45:57'),
(117, 114, 15, 153, 'A', '2025-11-24 10:45:57'),
(118, 114, 15, 154, 'C', '2025-11-24 10:45:57'),
(119, 114, 15, 155, 'B', '2025-11-24 10:45:57'),
(120, 114, 15, 156, 'B', '2025-11-24 10:45:57'),
(121, 114, 15, 157, 'B', '2025-11-24 10:45:57'),
(122, 114, 15, 158, 'B', '2025-11-24 10:45:57'),
(123, 114, 15, 159, 'B', '2025-11-24 10:45:57'),
(124, 114, 15, 160, 'B', '2025-11-24 10:45:57'),
(125, 114, 15, 161, 'B', '2025-11-24 10:45:57'),
(126, 114, 15, 162, 'B', '2025-11-24 10:45:57'),
(127, 114, 15, 163, 'B', '2025-11-24 10:45:57'),
(128, 114, 15, 164, 'B', '2025-11-24 10:45:57'),
(129, 114, 15, 165, 'B', '2025-11-24 10:45:57'),
(130, 114, 15, 166, 'B', '2025-11-24 10:45:57'),
(131, 114, 15, 167, 'B', '2025-11-24 10:45:57'),
(132, 115, 15, 148, 'B', '2025-11-24 11:02:41'),
(133, 115, 15, 149, 'B', '2025-11-24 11:02:41'),
(134, 115, 15, 150, 'B', '2025-11-24 11:02:41'),
(135, 115, 15, 151, 'B', '2025-11-24 11:02:41'),
(136, 115, 15, 152, 'A', '2025-11-24 11:02:41'),
(137, 115, 15, 153, 'A', '2025-11-24 11:02:41'),
(138, 115, 15, 154, 'A', '2025-11-24 11:02:41'),
(139, 115, 15, 155, 'A', '2025-11-24 11:02:41'),
(140, 115, 15, 156, 'A', '2025-11-24 11:02:41'),
(141, 115, 15, 157, 'A', '2025-11-24 11:02:41'),
(142, 115, 15, 158, 'A', '2025-11-24 11:02:41'),
(143, 115, 15, 159, 'A', '2025-11-24 11:02:41'),
(144, 115, 15, 160, 'A', '2025-11-24 11:02:41'),
(145, 115, 15, 161, 'A', '2025-11-24 11:02:41'),
(146, 115, 15, 162, 'A', '2025-11-24 11:02:41'),
(147, 115, 15, 163, 'A', '2025-11-24 11:02:41'),
(148, 115, 15, 164, 'A', '2025-11-24 11:02:41'),
(149, 115, 15, 165, 'A', '2025-11-24 11:02:41'),
(150, 115, 15, 166, 'A', '2025-11-24 11:02:41'),
(151, 115, 15, 167, 'A', '2025-11-24 11:02:41'),
(152, 116, 15, 148, 'A', '2025-11-24 11:03:31'),
(153, 116, 15, 149, 'B', '2025-11-24 11:03:31'),
(154, 116, 15, 150, 'C', '2025-11-24 11:03:31'),
(155, 116, 15, 151, 'B', '2025-11-24 11:03:31'),
(156, 116, 15, 152, 'C', '2025-11-24 11:03:31'),
(157, 116, 15, 153, 'B', '2025-11-24 11:03:31'),
(158, 116, 15, 154, 'C', '2025-11-24 11:03:31'),
(159, 116, 15, 155, 'B', '2025-11-24 11:03:31'),
(160, 116, 15, 156, 'C', '2025-11-24 11:03:31'),
(161, 116, 15, 157, 'B', '2025-11-24 11:03:31'),
(162, 116, 15, 158, 'C', '2025-11-24 11:03:31'),
(163, 116, 15, 159, 'B', '2025-11-24 11:03:31'),
(164, 116, 15, 160, 'C', '2025-11-24 11:03:31'),
(165, 116, 15, 161, 'B', '2025-11-24 11:03:31'),
(166, 116, 15, 162, 'C', '2025-11-24 11:03:31'),
(167, 116, 15, 163, 'B', '2025-11-24 11:03:31'),
(168, 116, 15, 164, 'C', '2025-11-24 11:03:31'),
(169, 116, 15, 165, 'B', '2025-11-24 11:03:31'),
(170, 116, 15, 166, 'C', '2025-11-24 11:03:31'),
(171, 116, 15, 167, 'C', '2025-11-24 11:03:31'),
(172, 117, 15, 148, 'A', '2025-11-24 11:12:16'),
(173, 117, 15, 149, 'B', '2025-11-24 11:12:16'),
(174, 117, 15, 150, 'B', '2025-11-24 11:12:16'),
(175, 117, 15, 151, 'B', '2025-11-24 11:12:16'),
(176, 117, 15, 152, 'A', '2025-11-24 11:12:16'),
(177, 117, 15, 153, 'A', '2025-11-24 11:12:16'),
(178, 117, 15, 154, 'A', '2025-11-24 11:12:16'),
(179, 117, 15, 155, 'A', '2025-11-24 11:12:16'),
(180, 117, 15, 156, 'A', '2025-11-24 11:12:16'),
(181, 117, 15, 157, 'A', '2025-11-24 11:12:16'),
(182, 117, 15, 158, 'A', '2025-11-24 11:12:16'),
(183, 117, 15, 159, 'A', '2025-11-24 11:12:16'),
(184, 117, 15, 160, 'A', '2025-11-24 11:12:16'),
(185, 117, 15, 161, 'A', '2025-11-24 11:12:16'),
(186, 117, 15, 162, 'A', '2025-11-24 11:12:16'),
(187, 117, 15, 163, 'A', '2025-11-24 11:12:16'),
(188, 117, 15, 164, 'A', '2025-11-24 11:12:16'),
(189, 117, 15, 165, 'A', '2025-11-24 11:12:16'),
(190, 117, 15, 166, 'A', '2025-11-24 11:12:16'),
(191, 117, 15, 167, 'A', '2025-11-24 11:12:16'),
(192, 118, 15, 148, 'B', '2025-11-24 11:13:28'),
(193, 118, 15, 149, 'B', '2025-11-24 11:13:28'),
(194, 118, 15, 150, 'C', '2025-11-24 11:13:28'),
(195, 118, 15, 151, 'B', '2025-11-24 11:13:28'),
(196, 118, 15, 152, 'B', '2025-11-24 11:13:28'),
(197, 118, 15, 153, 'C', '2025-11-24 11:13:28'),
(198, 118, 15, 154, 'C', '2025-11-24 11:13:28'),
(199, 118, 15, 155, 'B', '2025-11-24 11:13:28'),
(200, 118, 15, 156, 'C', '2025-11-24 11:13:28'),
(201, 118, 15, 157, 'B', '2025-11-24 11:13:28'),
(202, 118, 15, 158, 'C', '2025-11-24 11:13:28'),
(203, 118, 15, 159, 'B', '2025-11-24 11:13:28'),
(204, 118, 15, 160, 'C', '2025-11-24 11:13:28'),
(205, 118, 15, 161, 'B', '2025-11-24 11:13:28'),
(206, 118, 15, 162, 'C', '2025-11-24 11:13:28'),
(207, 118, 15, 163, 'B', '2025-11-24 11:13:28'),
(208, 118, 15, 164, 'C', '2025-11-24 11:13:28'),
(209, 118, 15, 165, 'B', '2025-11-24 11:13:28'),
(210, 118, 15, 166, 'C', '2025-11-24 11:13:28'),
(211, 118, 15, 167, 'B', '2025-11-24 11:13:28'),
(212, 119, 14, 130, 'B', '2025-11-24 11:14:43'),
(213, 119, 14, 131, 'D', '2025-11-24 11:14:43'),
(214, 119, 14, 132, 'C', '2025-11-24 11:14:43'),
(215, 119, 14, 133, 'B', '2025-11-24 11:14:43'),
(216, 119, 14, 134, 'B', '2025-11-24 11:14:43'),
(217, 119, 14, 135, 'C', '2025-11-24 11:14:43'),
(218, 119, 14, 136, 'B', '2025-11-24 11:14:43'),
(219, 119, 14, 137, 'C', '2025-11-24 11:14:43'),
(220, 119, 14, 138, 'B', '2025-11-24 11:14:43'),
(221, 119, 14, 139, 'C', '2025-11-24 11:14:43'),
(222, 119, 14, 140, 'B', '2025-11-24 11:14:43'),
(223, 119, 14, 141, 'A', '2025-11-24 11:14:43'),
(224, 119, 14, 142, 'B', '2025-11-24 11:14:43'),
(225, 119, 14, 143, 'C', '2025-11-24 11:14:43'),
(226, 119, 14, 144, 'D', '2025-11-24 11:14:43'),
(227, 119, 14, 145, 'C', '2025-11-24 11:14:43'),
(228, 119, 14, 146, 'B', '2025-11-24 11:14:43'),
(229, 119, 14, 147, 'B', '2025-11-24 11:14:43'),
(230, 120, 3, 14, 'A', '2025-11-24 11:15:02'),
(231, 120, 3, 15, 'B', '2025-11-24 11:15:02'),
(232, 120, 3, 16, 'B', '2025-11-24 11:15:02'),
(233, 121, 15, 148, 'A', '2025-11-24 11:21:52'),
(234, 121, 15, 149, 'B', '2025-11-24 11:21:52'),
(235, 121, 15, 150, 'C', '2025-11-24 11:21:52'),
(236, 121, 15, 151, 'B', '2025-11-24 11:21:52'),
(237, 121, 15, 152, 'B', '2025-11-24 11:21:52'),
(238, 121, 15, 153, 'C', '2025-11-24 11:21:52'),
(239, 121, 15, 154, 'C', '2025-11-24 11:21:52'),
(240, 121, 15, 155, 'B', '2025-11-24 11:21:52'),
(241, 121, 15, 156, 'C', '2025-11-24 11:21:52'),
(242, 121, 15, 157, 'B', '2025-11-24 11:21:52'),
(243, 121, 15, 158, 'C', '2025-11-24 11:21:52'),
(244, 121, 15, 159, 'B', '2025-11-24 11:21:52'),
(245, 121, 15, 160, 'C', '2025-11-24 11:21:52'),
(246, 121, 15, 161, 'B', '2025-11-24 11:21:52'),
(247, 121, 15, 162, 'C', '2025-11-24 11:21:52'),
(248, 121, 15, 163, 'B', '2025-11-24 11:21:52'),
(249, 121, 15, 164, 'C', '2025-11-24 11:21:52'),
(250, 121, 15, 165, 'B', '2025-11-24 11:21:52'),
(251, 121, 15, 166, 'C', '2025-11-24 11:21:52'),
(252, 121, 15, 167, 'B', '2025-11-24 11:21:52'),
(253, 122, 13, 127, 'A', '2025-11-24 11:22:08'),
(254, 122, 13, 128, 'B', '2025-11-24 11:22:08'),
(255, 122, 13, 129, 'B', '2025-11-24 11:22:08'),
(256, 123, 15, 148, 'B', '2025-11-24 11:22:49'),
(257, 123, 15, 149, 'C', '2025-11-24 11:22:49'),
(258, 123, 15, 150, 'C', '2025-11-24 11:22:49'),
(259, 123, 15, 151, 'C', '2025-11-24 11:22:49'),
(260, 123, 15, 152, 'B', '2025-11-24 11:22:49'),
(261, 123, 15, 153, 'B', '2025-11-24 11:22:49'),
(262, 123, 15, 154, 'B', '2025-11-24 11:22:49'),
(263, 123, 15, 155, 'B', '2025-11-24 11:22:49'),
(264, 123, 15, 156, 'C', '2025-11-24 11:22:49'),
(265, 123, 15, 157, 'C', '2025-11-24 11:22:49'),
(266, 123, 15, 158, 'B', '2025-11-24 11:22:49'),
(267, 123, 15, 159, 'C', '2025-11-24 11:22:49'),
(268, 123, 15, 160, 'B', '2025-11-24 11:22:49'),
(269, 123, 15, 161, 'A', '2025-11-24 11:22:49'),
(270, 123, 15, 162, 'A', '2025-11-24 11:22:49'),
(271, 123, 15, 163, 'A', '2025-11-24 11:22:49'),
(272, 123, 15, 164, 'A', '2025-11-24 11:22:49'),
(273, 123, 15, 165, 'B', '2025-11-24 11:22:49'),
(274, 123, 15, 166, 'B', '2025-11-24 11:22:49'),
(275, 123, 15, 167, 'B', '2025-11-24 11:22:49'),
(276, 124, 14, 130, 'C', '2025-11-24 22:46:59'),
(277, 124, 14, 131, 'D', '2025-11-24 22:46:59'),
(278, 124, 14, 132, 'D', '2025-11-24 22:46:59'),
(279, 124, 14, 133, 'D', '2025-11-24 22:46:59'),
(280, 124, 14, 134, 'C', '2025-11-24 22:46:59'),
(281, 124, 14, 135, 'C', '2025-11-24 22:46:59'),
(282, 124, 14, 136, 'B', '2025-11-24 22:46:59'),
(283, 124, 14, 137, 'B', '2025-11-24 22:46:59'),
(284, 124, 14, 138, 'B', '2025-11-24 22:46:59'),
(285, 124, 14, 139, 'C', '2025-11-24 22:46:59'),
(286, 124, 14, 140, 'D', '2025-11-24 22:46:59'),
(287, 124, 14, 141, 'C', '2025-11-24 22:46:59'),
(288, 124, 14, 142, 'B', '2025-11-24 22:46:59'),
(289, 124, 14, 143, 'B', '2025-11-24 22:46:59'),
(290, 124, 14, 144, 'B', '2025-11-24 22:46:59'),
(291, 124, 14, 145, 'B', '2025-11-24 22:46:59'),
(292, 124, 14, 146, 'B', '2025-11-24 22:46:59'),
(293, 124, 14, 147, 'B', '2025-11-24 22:46:59'),
(294, 125, 16, 168, 'B', '2025-11-24 22:47:26'),
(295, 125, 16, 169, 'C', '2025-11-24 22:47:26'),
(296, 125, 16, 170, 'C', '2025-11-24 22:47:26'),
(297, 125, 16, 171, 'C', '2025-11-24 22:47:26'),
(298, 125, 16, 172, 'B', '2025-11-24 22:47:26'),
(299, 125, 16, 173, 'B', '2025-11-24 22:47:26'),
(300, 125, 16, 174, 'B', '2025-11-24 22:47:26'),
(301, 125, 16, 175, 'A', '2025-11-24 22:47:26'),
(302, 125, 16, 176, 'B', '2025-11-24 22:47:26'),
(303, 125, 16, 177, 'C', '2025-11-24 22:47:26'),
(304, 125, 16, 178, 'C', '2025-11-24 22:47:26'),
(305, 125, 16, 179, 'C', '2025-11-24 22:47:26'),
(306, 125, 16, 180, 'C', '2025-11-24 22:47:26'),
(307, 125, 16, 181, 'B', '2025-11-24 22:47:26'),
(308, 125, 16, 182, 'B', '2025-11-24 22:47:26'),
(309, 125, 16, 183, 'B', '2025-11-24 22:47:26'),
(310, 126, 16, 168, 'A', '2025-11-24 22:47:50'),
(311, 126, 16, 169, 'D', '2025-11-24 22:47:50'),
(312, 126, 16, 170, 'C', '2025-11-24 22:47:50'),
(313, 126, 16, 171, 'C', '2025-11-24 22:47:50'),
(314, 126, 16, 172, 'B', '2025-11-24 22:47:50'),
(315, 126, 16, 173, 'C', '2025-11-24 22:47:50'),
(316, 126, 16, 174, 'D', '2025-11-24 22:47:50'),
(317, 126, 16, 175, 'D', '2025-11-24 22:47:50'),
(318, 126, 16, 176, 'D', '2025-11-24 22:47:50'),
(319, 126, 16, 177, 'D', '2025-11-24 22:47:50'),
(320, 126, 16, 178, 'D', '2025-11-24 22:47:50'),
(321, 126, 16, 179, 'D', '2025-11-24 22:47:50'),
(322, 126, 16, 180, 'D', '2025-11-24 22:47:50'),
(323, 126, 16, 181, 'D', '2025-11-24 22:47:50'),
(324, 126, 16, 182, 'D', '2025-11-24 22:47:50'),
(325, 126, 16, 183, 'D', '2025-11-24 22:47:50'),
(326, 127, 16, 168, 'A', '2025-11-24 22:48:02'),
(327, 127, 16, 169, 'B', '2025-11-24 22:48:02'),
(328, 127, 16, 170, 'A', '2025-11-24 22:48:02'),
(329, 127, 16, 171, 'A', '2025-11-24 22:48:02'),
(330, 127, 16, 172, 'A', '2025-11-24 22:48:02'),
(331, 127, 16, 173, 'A', '2025-11-24 22:48:02'),
(332, 127, 16, 174, 'A', '2025-11-24 22:48:02'),
(333, 127, 16, 175, 'A', '2025-11-24 22:48:02'),
(334, 127, 16, 176, 'A', '2025-11-24 22:48:02'),
(335, 127, 16, 177, 'A', '2025-11-24 22:48:02'),
(336, 127, 16, 178, 'A', '2025-11-24 22:48:02'),
(337, 127, 16, 179, 'A', '2025-11-24 22:48:02'),
(338, 127, 16, 180, 'A', '2025-11-24 22:48:02'),
(339, 127, 16, 181, 'A', '2025-11-24 22:48:02'),
(340, 127, 16, 182, 'A', '2025-11-24 22:48:02'),
(341, 127, 16, 183, 'A', '2025-11-24 22:48:02'),
(342, 128, 16, 168, 'A', '2025-11-24 22:53:34'),
(343, 128, 16, 169, 'C', '2025-11-24 22:53:34'),
(344, 128, 16, 170, 'C', '2025-11-24 22:53:34'),
(345, 128, 16, 171, 'D', '2025-11-24 22:53:34'),
(346, 128, 16, 172, 'A', '2025-11-24 22:53:34'),
(347, 128, 16, 173, 'A', '2025-11-24 22:53:34'),
(348, 128, 16, 174, 'B', '2025-11-24 22:53:34'),
(349, 128, 16, 175, 'C', '2025-11-24 22:53:34'),
(350, 128, 16, 176, 'D', '2025-11-24 22:53:34'),
(351, 128, 16, 177, 'C', '2025-11-24 22:53:34'),
(352, 128, 16, 178, 'B', '2025-11-24 22:53:34'),
(353, 128, 16, 179, 'B', '2025-11-24 22:53:34'),
(354, 128, 16, 180, 'C', '2025-11-24 22:53:34'),
(355, 128, 16, 181, 'D', '2025-11-24 22:53:34'),
(356, 128, 16, 182, 'C', '2025-11-24 22:53:34'),
(357, 128, 16, 183, 'B', '2025-11-24 22:53:34'),
(358, 129, 16, 168, 'B', '2025-11-24 22:53:50'),
(359, 129, 16, 169, 'D', '2025-11-24 22:53:50'),
(360, 129, 16, 170, 'C', '2025-11-24 22:53:50'),
(361, 129, 16, 171, 'B', '2025-11-24 22:53:50'),
(362, 129, 16, 172, 'A', '2025-11-24 22:53:50'),
(363, 129, 16, 173, 'A', '2025-11-24 22:53:50'),
(364, 129, 16, 174, 'A', '2025-11-24 22:53:50'),
(365, 129, 16, 175, 'A', '2025-11-24 22:53:50'),
(366, 129, 16, 176, 'A', '2025-11-24 22:53:50'),
(367, 129, 16, 177, 'A', '2025-11-24 22:53:50'),
(368, 129, 16, 178, 'A', '2025-11-24 22:53:50'),
(369, 129, 16, 179, 'B', '2025-11-24 22:53:50'),
(370, 129, 16, 180, 'B', '2025-11-24 22:53:50'),
(371, 129, 16, 181, 'C', '2025-11-24 22:53:50'),
(372, 129, 16, 182, 'C', '2025-11-24 22:53:50'),
(373, 129, 16, 183, 'C', '2025-11-24 22:53:50'),
(374, 130, 16, 168, 'C', '2025-11-24 22:54:15'),
(375, 130, 16, 169, 'B', '2025-11-24 22:54:15'),
(376, 130, 16, 170, 'B', '2025-11-24 22:54:15'),
(377, 130, 16, 171, 'C', '2025-11-24 22:54:15'),
(378, 130, 16, 172, 'B', '2025-11-24 22:54:15'),
(379, 130, 16, 173, 'A', '2025-11-24 22:54:15'),
(380, 130, 16, 174, 'A', '2025-11-24 22:54:15'),
(381, 130, 16, 175, 'B', '2025-11-24 22:54:15'),
(382, 130, 16, 176, 'B', '2025-11-24 22:54:15'),
(383, 130, 16, 177, 'B', '2025-11-24 22:54:15'),
(384, 130, 16, 178, 'C', '2025-11-24 22:54:15'),
(385, 130, 16, 179, 'C', '2025-11-24 22:54:15'),
(386, 130, 16, 180, 'C', '2025-11-24 22:54:15'),
(387, 130, 16, 181, 'C', '2025-11-24 22:54:15'),
(388, 130, 16, 182, 'B', '2025-11-24 22:54:15'),
(389, 130, 16, 183, 'B', '2025-11-24 22:54:15'),
(390, 131, 6, 27, 'B', '2025-11-24 22:54:29'),
(391, 131, 6, 28, 'B', '2025-11-24 22:54:29'),
(392, 131, 6, 29, 'A', '2025-11-24 22:54:29'),
(393, 131, 6, 30, 'A', '2025-11-24 22:54:29'),
(394, 131, 6, 31, 'C', '2025-11-24 22:54:29'),
(395, 132, 6, 27, 'D', '2025-11-24 22:54:41'),
(396, 132, 6, 28, 'D', '2025-11-24 22:54:41'),
(397, 132, 6, 29, 'D', '2025-11-24 22:54:41'),
(398, 132, 6, 30, 'D', '2025-11-24 22:54:41'),
(399, 132, 6, 31, 'D', '2025-11-24 22:54:41'),
(400, 133, 16, 168, 'A', '2025-11-24 23:05:34'),
(401, 133, 16, 169, 'C', '2025-11-24 23:05:34'),
(402, 133, 16, 170, 'B', '2025-11-24 23:05:34'),
(403, 133, 16, 171, 'B', '2025-11-24 23:05:34'),
(404, 133, 16, 172, 'C', '2025-11-24 23:05:34'),
(405, 133, 16, 173, 'D', '2025-11-24 23:05:34'),
(406, 133, 16, 174, 'C', '2025-11-24 23:05:34'),
(407, 133, 16, 175, 'B', '2025-11-24 23:05:34'),
(408, 133, 16, 176, 'C', '2025-11-24 23:05:34'),
(409, 133, 16, 177, 'D', '2025-11-24 23:05:34'),
(410, 133, 16, 178, 'C', '2025-11-24 23:05:34'),
(411, 133, 16, 179, 'B', '2025-11-24 23:05:34'),
(412, 133, 16, 180, 'A', '2025-11-24 23:05:34'),
(413, 133, 16, 181, 'B', '2025-11-24 23:05:34'),
(414, 133, 16, 182, 'C', '2025-11-24 23:05:34'),
(415, 133, 16, 183, 'C', '2025-11-24 23:05:34'),
(416, 134, 16, 168, 'B', '2025-11-24 23:05:49'),
(417, 134, 16, 169, 'B', '2025-11-24 23:05:49'),
(418, 134, 16, 170, 'B', '2025-11-24 23:05:49'),
(419, 134, 16, 171, 'B', '2025-11-24 23:05:49'),
(420, 134, 16, 172, 'B', '2025-11-24 23:05:49'),
(421, 134, 16, 173, 'B', '2025-11-24 23:05:49'),
(422, 134, 16, 174, 'B', '2025-11-24 23:05:49'),
(423, 134, 16, 175, 'B', '2025-11-24 23:05:49'),
(424, 134, 16, 176, 'B', '2025-11-24 23:05:49'),
(425, 134, 16, 177, 'B', '2025-11-24 23:05:49'),
(426, 134, 16, 178, 'B', '2025-11-24 23:05:49'),
(427, 134, 16, 179, 'B', '2025-11-24 23:05:49'),
(428, 134, 16, 180, 'B', '2025-11-24 23:05:49'),
(429, 134, 16, 181, 'B', '2025-11-24 23:05:49'),
(430, 134, 16, 182, 'B', '2025-11-24 23:05:49'),
(431, 134, 16, 183, 'B', '2025-11-24 23:05:49');

-- --------------------------------------------------------

--
-- 表的结构 `question_options`
--

CREATE TABLE `question_options` (
  `id` int(10) UNSIGNED NOT NULL,
  `question_id` int(10) UNSIGNED NOT NULL,
  `option_key` char(1) COLLATE utf8mb4_unicode_ci NOT NULL,
  `option_text` text COLLATE utf8mb4_unicode_ci NOT NULL,
  `map_result_code` varchar(50) COLLATE utf8mb4_unicode_ci DEFAULT NULL,
  `score_value` int(11) NOT NULL DEFAULT '0',
  `created_at` datetime NOT NULL DEFAULT CURRENT_TIMESTAMP
) ENGINE=InnoDB DEFAULT CHARSET=utf8mb4 COLLATE=utf8mb4_unicode_ci;

--
-- 转存表中的数据 `question_options`
--

INSERT INTO `question_options` (`id`, `question_id`, `option_key`, `option_text`, `map_result_code`, `score_value`, `created_at`) VALUES
(1, 1, 'A', '关掉社交软件，一个人把之前想看的书和电影补掉。', 'A', 1, '2025-11-20 01:18:17'),
(2, 1, 'B', '约上熟悉的人，边喝咖啡边聊天散步，顺便拍点好看的照片。', 'B', 1, '2025-11-20 01:18:17'),
(3, 1, 'C', '列个清单：整理房间、复盘账单、规划下个月计划，一个个勾掉。', 'C', 1, '2025-11-20 01:18:17'),
(4, 1, 'D', '随便订一张车票，去一个没去过的地方逛一天再说。', 'D', 1, '2025-11-20 01:18:17'),
(5, 2, 'A', '先自己查资料、想方案，不太愿意第一时间开口求助。', 'A', 1, '2025-11-20 01:18:17'),
(6, 2, 'B', '找一个懂你的人，先把情绪说出来再想怎么办。', 'B', 1, '2025-11-20 01:18:17'),
(7, 2, 'C', '把问题拆成几块，分析每块的风险和成本，再做决策。', 'C', 1, '2025-11-20 01:18:17'),
(8, 2, 'D', '先随便选一个看起来最可行的方案试试看，边做边改。', 'D', 1, '2025-11-20 01:18:17'),
(9, 3, 'A', '我习惯把真实想法放在心里，不太习惯主动表达。', 'A', 1, '2025-11-20 01:18:17'),
(10, 3, 'B', '我容易想很多，也容易受伤，不敢太快投入关系。', 'B', 1, '2025-11-20 01:18:17'),
(11, 3, 'C', '我讲话太直接、太理性，很多人会觉得有点“冷”。', 'C', 1, '2025-11-20 01:18:17'),
(12, 3, 'D', '我节奏太快，总是自己先冲出去，别人跟不上。', 'D', 1, '2025-11-20 01:18:17'),
(13, 4, 'A', '找到一间安静、可控的小房子，把自己的小世界安顿好。', 'A', 1, '2025-11-20 01:18:17'),
(14, 4, 'B', '找到几家氛围喜欢的咖啡馆/书店，让自己有落脚的情绪据点。', 'B', 1, '2025-11-20 01:18:17'),
(15, 4, 'C', '熟悉交通、办好各种卡和手续，把所有不确定因素降到最低。', 'C', 1, '2025-11-20 01:18:17'),
(16, 4, 'D', '先随便住下来，边走边看，再慢慢调整要不要换地方。', 'D', 1, '2025-11-20 01:18:17'),
(17, 5, 'A', '在心里给自己打个勾，然后安静地开始下一件事。', 'A', 1, '2025-11-20 01:18:17'),
(18, 5, 'B', '想找一个懂你的人，好好分享当下的心情和细节。', 'B', 1, '2025-11-20 01:18:17'),
(19, 5, 'C', '复盘整个过程，想想哪里还能优化，下次做得更好。', 'C', 1, '2025-11-20 01:18:17'),
(20, 5, 'D', '立刻想：下一个目标是什么？趁状态好，再干一票。', 'D', 1, '2025-11-20 01:18:17'),
(21, 6, 'A', '马上告诉对方你怎么了，不喜欢憋着。', 'A', 1, '2025-11-20 02:23:37'),
(22, 6, 'B', '希望对方能主动察觉你的不对劲。', 'B', 1, '2025-11-20 02:23:37'),
(23, 6, 'C', '先自己缓缓，整理完情绪再说。', 'C', 1, '2025-11-20 02:23:37'),
(24, 6, 'D', '什么都不说，沉默处理。', 'D', 1, '2025-11-20 02:23:37'),
(25, 7, 'A', '立刻开口说明，越拖越糟。', 'A', 1, '2025-11-20 02:23:37'),
(26, 7, 'B', '焦虑又敏感，很想被安抚。', 'B', 1, '2025-11-20 02:23:37'),
(27, 7, 'C', '先冷静分析问题再沟通。', 'C', 1, '2025-11-20 02:23:37'),
(28, 7, 'D', '假装没事，把情绪压下去。', 'D', 1, '2025-11-20 02:23:37'),
(29, 8, 'A', '直接表达，哪怕有点冒失。', 'A', 1, '2025-11-20 02:23:37'),
(30, 8, 'B', '靠近、暗示、试探对方的反应。', 'B', 1, '2025-11-20 02:23:37'),
(31, 8, 'C', '保持礼貌的距离，慢慢观察。', 'C', 1, '2025-11-20 02:23:37'),
(32, 8, 'D', '越喜欢越不敢靠近。', 'D', 1, '2025-11-20 02:23:37'),
(33, 9, 'A', '第一时间说出来。', 'A', 1, '2025-11-20 02:23:37'),
(34, 9, 'B', '希望有人能抱抱你、安慰你。', 'B', 1, '2025-11-20 02:23:37'),
(35, 9, 'C', '沉默处理，不太愿意麻烦别人。', 'C', 1, '2025-11-20 02:23:37'),
(36, 9, 'D', '把所有情绪关起来，表现得像没事人。', 'D', 1, '2025-11-20 02:23:37'),
(37, 10, 'A', '热情明显，主动靠近。', 'A', 1, '2025-11-20 02:23:37'),
(38, 10, 'B', '想要更多确认和回应。', 'B', 1, '2025-11-20 02:23:37'),
(39, 10, 'C', '保持自控，慢慢推进。', 'C', 1, '2025-11-20 02:23:37'),
(40, 10, 'D', '退一步，深怕表现太多被看穿。', 'D', 1, '2025-11-20 02:23:37'),
(63, 14, 'A', '主动自我介绍，带着一点组织气质。', 'E:2,R:1', 1, '2025-11-20 02:47:12'),
(64, 14, 'B', '安静观察，慢慢找到舒服的说话对象。', 'I:2,R:1', 1, '2025-11-20 02:47:12'),
(65, 14, 'C', '快速融入聊天，顺着情绪聊什么都行。', 'E:2,F:1', 1, '2025-11-20 02:47:12'),
(66, 14, 'D', '更多是在旁边听，偶尔插一句感受。', 'I:2,F:1', 1, '2025-11-20 02:47:12'),
(67, 15, 'A', '事实、数据、逻辑分析。', 'R:3', 1, '2025-11-20 02:47:25'),
(68, 15, 'B', '当下的感觉，心里舒不舒服。', 'F:3', 1, '2025-11-20 02:47:25'),
(69, 15, 'C', '身边重要人的意见。', 'F:2,E:1', 1, '2025-11-20 02:47:25'),
(70, 15, 'D', '自己静下心来独立思考。', 'R:2,I:1', 1, '2025-11-20 02:47:25'),
(71, 16, 'A', '一个人安静充电：看书/刷片/发呆。', 'I:2,R:1', 1, '2025-11-20 02:47:31'),
(72, 16, 'B', '和朋友聚一聚，说说最近发生的事。', 'E:2,F:1', 1, '2025-11-20 02:47:31'),
(73, 16, 'C', '做点提升自己的事，比如学习/规划。', 'R:2,I:1', 1, '2025-11-20 02:47:31'),
(74, 16, 'D', '看心情，和谁一起、去哪都没关系。', 'E:1,F:2', 1, '2025-11-20 02:47:31'),
(115, 27, 'A', '太好了，终于有人救我离开工位了!!!!!', 'A', 4, '2025-11-20 13:42:51'),
(116, 27, 'B', '看看是谁、约什么，再决定要不要去~', 'B', 3, '2025-11-20 13:42:51'),
(117, 27, 'C', '有点累，但如果是熟人我还是会勉强答应', 'C', 2, '2025-11-20 13:42:51'),
(118, 27, 'D', '想都不用想，脑子先说“拒绝”，嘴巴再找理由', 'D', 1, '2025-11-20 13:42:51'),
(119, 28, 'A', '自然成为聊天中心，话题从不冷场', 'A', 4, '2025-11-20 13:42:51'),
(120, 28, 'B', '有人cue就说，说得还不算少', 'B', 3, '2025-11-20 13:42:51'),
(121, 28, 'C', '安静听别人说话，偶尔补充一两句', 'C', 2, '2025-11-20 13:42:51'),
(122, 28, 'D', '一直在想什么时候可以礼貌撤退', 'D', 1, '2025-11-20 13:42:51'),
(123, 29, 'A', '几乎没有，我一直在线，随时能聊', 'A', 4, '2025-11-20 13:42:51'),
(124, 29, 'B', '一周 1 次左右，需要小小断联一下', 'B', 3, '2025-11-20 13:42:51'),
(125, 29, 'C', '一周 2–3 次，经常需要关掉世界', 'C', 2, '2025-11-20 13:42:51'),
(126, 29, 'D', '几乎每天都在，连未读消息都成了压力', 'D', 1, '2025-11-20 13:42:51'),
(127, 30, 'A', '没感觉，大家忙很正常，我继续发', 'A', 4, '2025-11-20 13:42:51'),
(128, 30, 'B', '有一点点尴尬，但也还能自我消化', 'B', 3, '2025-11-20 13:42:51'),
(129, 30, 'C', '会怀疑是不是自己话太多、太打扰', 'C', 2, '2025-11-20 13:42:51'),
(130, 30, 'D', '立刻决定：以后少说，甚至不说', 'D', 1, '2025-11-20 13:42:51'),
(131, 31, 'A', '人生高光时刻！安排上！', 'A', 4, '2025-11-20 13:42:51'),
(132, 31, 'B', '有点开心也有点累，但总体是期待的', 'B', 3, '2025-11-20 13:42:51'),
(133, 31, 'C', '小小焦虑，开始计算自己的“精力余额”', 'C', 2, '2025-11-20 13:42:51'),
(134, 31, 'D', '头皮发麻，只想把所有邀请都延期到“改天再说”', 'D', 1, '2025-11-20 13:42:51'),
(135, 32, 'A', '找个舒服的位置看大家', NULL, 1, '2025-11-21 05:59:06'),
(136, 32, 'B', '靠近熟悉的人旁边', NULL, 1, '2025-11-21 05:59:06'),
(137, 32, 'C', '自然融入聊天，哪里都行', NULL, 1, '2025-11-21 05:59:06'),
(138, 32, 'D', '一会儿这边晃晃、一会儿那边闹闹', NULL, 1, '2025-11-21 05:59:06'),
(139, 33, 'A', '顺着对方的话题继续问', NULL, 1, '2025-11-21 05:59:06'),
(140, 33, 'B', '观察他们的表达方式', NULL, 1, '2025-11-21 05:59:06'),
(141, 33, 'C', '很快找到能聊得起来的点', NULL, 1, '2025-11-21 05:59:06'),
(142, 33, 'D', '给对方来一句不按套路的玩笑', NULL, 1, '2025-11-21 05:59:06'),
(143, 34, 'A', '点点头，慢慢观察对方', NULL, 1, '2025-11-21 05:59:06'),
(144, 34, 'B', '主动问对方：你怎么认识他们的？', NULL, 1, '2025-11-21 05:59:06'),
(145, 34, 'C', '轻松微笑，让对方不尴尬', NULL, 1, '2025-11-21 05:59:06'),
(146, 34, 'D', '丢一句意想不到的自我介绍', NULL, 1, '2025-11-21 05:59:06'),
(147, 35, 'A', '保持安静，看情况再说', NULL, 1, '2025-11-21 05:59:06'),
(148, 35, 'B', '用一句轻松的话让气氛恢复', NULL, 1, '2025-11-21 05:59:06'),
(149, 35, 'C', '主动挑个话题拉起氛围', NULL, 1, '2025-11-21 05:59:06'),
(150, 35, 'D', '来个夸张的反应活跃一下', NULL, 1, '2025-11-21 05:59:06'),
(151, 36, 'A', '不多不少的交流刚刚好', NULL, 1, '2025-11-21 05:59:06'),
(152, 36, 'B', '自由流动，说话随性', NULL, 1, '2025-11-21 05:59:06'),
(153, 36, 'C', '走到哪里都能找到人聊', NULL, 1, '2025-11-21 05:59:06'),
(154, 36, 'D', '少量但质量高的对话', NULL, 1, '2025-11-21 05:59:06'),
(155, 37, 'A', '温柔简短，不打扰型', NULL, 1, '2025-11-21 05:59:06'),
(156, 37, 'B', '偶尔发一条深度见解', NULL, 1, '2025-11-21 05:59:06'),
(157, 37, 'C', '活跃，带节奏型', NULL, 1, '2025-11-21 05:59:06'),
(158, 37, 'D', '发表情包、梗图、搞怪型', NULL, 1, '2025-11-21 05:59:06'),
(159, 38, 'A', '这人挺放松自然的', NULL, 1, '2025-11-21 05:59:06'),
(160, 38, 'B', '这人看起来腼腆、安静', NULL, 1, '2025-11-21 05:59:06'),
(161, 38, 'C', '这人好像挺有气场', NULL, 1, '2025-11-21 05:59:06'),
(162, 38, 'D', '这人有点好笑', NULL, 1, '2025-11-21 05:59:06'),
(163, 39, 'A', '慢慢陪伴，自然熟', NULL, 1, '2025-11-21 05:59:06'),
(164, 39, 'B', '主动约、主动聊', NULL, 1, '2025-11-21 05:59:06'),
(165, 39, 'C', '用深度话题建立联系', NULL, 1, '2025-11-21 05:59:06'),
(166, 39, 'D', '用反差和幽默吸引对方', NULL, 1, '2025-11-21 05:59:06'),
(167, 40, 'A', '稳稳当当点几个大家都能接受的', NULL, 1, '2025-11-21 05:59:06'),
(168, 40, 'B', '先观察菜品再选择', NULL, 1, '2025-11-21 05:59:06'),
(169, 40, 'C', '迅速点完：就这些吧', NULL, 1, '2025-11-21 05:59:06'),
(170, 40, 'D', '点个奇怪但好玩的菜', NULL, 1, '2025-11-21 05:59:06'),
(171, 41, 'A', '先做个缓冲，想清楚再说', NULL, 1, '2025-11-21 05:59:06'),
(172, 41, 'B', '平稳地接话，不让人尴尬', NULL, 1, '2025-11-21 05:59:06'),
(173, 41, 'C', '果断开始说', NULL, 1, '2025-11-21 05:59:06'),
(174, 41, 'D', '讲个笑点破冰', NULL, 1, '2025-11-21 05:59:06'),
(175, 42, 'A', '安静适应一会儿', NULL, 1, '2025-11-21 05:59:06'),
(176, 42, 'B', '跟身边的人轻松聊几句', NULL, 1, '2025-11-21 05:59:06'),
(177, 42, 'C', '迅速找到熟悉区', NULL, 1, '2025-11-21 05:59:06'),
(178, 42, 'D', '乱晃乱看，到处探一探', NULL, 1, '2025-11-21 05:59:06'),
(179, 43, 'A', '稳稳的，不吵也不抢', NULL, 1, '2025-11-21 05:59:06'),
(180, 43, 'B', '在关键处发言，别人会听', NULL, 1, '2025-11-21 05:59:06'),
(181, 43, 'C', '倾向于带方向', NULL, 1, '2025-11-21 05:59:06'),
(182, 43, 'D', '偶尔冒出一句让大家笑', NULL, 1, '2025-11-21 05:59:06'),
(183, 44, 'A', '轻轻陪着他们', NULL, 1, '2025-11-21 05:59:06'),
(184, 44, 'B', '分析事情，帮他们看清楚', NULL, 1, '2025-11-21 05:59:06'),
(185, 44, 'C', '快速度给对方安全感：有我在', NULL, 1, '2025-11-21 05:59:06'),
(186, 44, 'D', '想办法逗对方笑', NULL, 1, '2025-11-21 05:59:06'),
(187, 45, 'A', '先理解对方是不是无心的', NULL, 1, '2025-11-21 05:59:06'),
(188, 45, 'B', '马上澄清：你是对事不是对我吧', NULL, 1, '2025-11-21 05:59:06'),
(189, 45, 'C', '默默观察，不急着反击', NULL, 1, '2025-11-21 05:59:06'),
(190, 45, 'D', '用幽默先挡一下：哎呀我这么拉吗', NULL, 1, '2025-11-21 05:59:06'),
(191, 46, 'A', '小心翼翼地找原因', NULL, 1, '2025-11-21 05:59:06'),
(192, 46, 'B', '思考是不是对方自己的情绪问题', NULL, 1, '2025-11-21 05:59:06'),
(193, 46, 'C', '主动问清楚发生了什么', NULL, 1, '2025-11-21 05:59:06'),
(194, 46, 'D', '试着发点轻松搞怪的消息', NULL, 1, '2025-11-21 05:59:06'),
(195, 47, 'A', '给自己一点时间和空间', NULL, 1, '2025-11-21 05:59:06'),
(196, 47, 'B', '找一个可以说话的人', NULL, 1, '2025-11-21 05:59:06'),
(197, 47, 'C', '去做点让自己有掌控感的事', NULL, 1, '2025-11-21 05:59:06'),
(198, 47, 'D', '看点搞笑内容，把情绪冲淡', NULL, 1, '2025-11-21 05:59:06'),
(199, 48, 'A', '冷静找线索，先分析情况', NULL, 1, '2025-11-21 05:59:06'),
(200, 48, 'B', '先让身边的人别担心', NULL, 1, '2025-11-21 05:59:06'),
(201, 48, 'C', '立刻采取行动处理', NULL, 1, '2025-11-21 05:59:06'),
(202, 48, 'D', '自嘲一句，我真是绝了', NULL, 1, '2025-11-21 05:59:06'),
(203, 49, 'A', '先理解对方是不是情绪不好', NULL, 1, '2025-11-21 05:59:06'),
(204, 49, 'B', '马上确认对方是在对事发火', NULL, 1, '2025-11-21 05:59:06'),
(205, 49, 'C', '默默观察，不急着回应', NULL, 1, '2025-11-21 05:59:06'),
(206, 49, 'D', '用玩笑化解：哎呦我做错啥了', NULL, 1, '2025-11-21 05:59:06'),
(207, 50, 'A', '想办法让气氛缓下来', NULL, 1, '2025-11-21 05:59:06'),
(208, 50, 'B', '快速指出问题在哪里', NULL, 1, '2025-11-21 05:59:06'),
(209, 50, 'C', '等大家冷静一点再谈', NULL, 1, '2025-11-21 05:59:06'),
(210, 50, 'D', '开个玩笑打破僵局', NULL, 1, '2025-11-21 05:59:06'),
(211, 51, 'A', '我在，你不用急着好起来', NULL, 1, '2025-11-21 05:59:06'),
(212, 51, 'B', '你已经做得很好了', NULL, 1, '2025-11-21 05:59:06'),
(213, 51, 'C', '你想聊聊吗？我想听听你的想法', NULL, 1, '2025-11-21 05:59:06'),
(214, 51, 'D', '来，我让你笑一下', NULL, 1, '2025-11-21 05:59:06'),
(215, 52, 'A', '温柔与小心翼翼', NULL, 1, '2025-11-21 05:59:06'),
(216, 52, 'B', '想表现得稳重聪明', NULL, 1, '2025-11-21 05:59:06'),
(217, 52, 'C', '有点想主动，有点想掌控节奏', NULL, 1, '2025-11-21 05:59:06'),
(218, 52, 'D', '反而变得有点傻、有点好笑', NULL, 1, '2025-11-21 05:59:06'),
(219, 53, 'A', '寻找一个安静的空间独处', NULL, 1, '2025-11-21 05:59:06'),
(220, 53, 'B', '想找一个能拥抱你的人', NULL, 1, '2025-11-21 05:59:06'),
(221, 53, 'C', '说些重话让自己重新站稳', NULL, 1, '2025-11-21 05:59:06'),
(222, 53, 'D', '拼命用搞笑的方式把坏情绪赶走', NULL, 1, '2025-11-21 05:59:06'),
(223, 54, 'A', '轻轻听着，给予温柔回应', NULL, 1, '2025-11-21 05:59:06'),
(224, 54, 'B', '提出解决方案', NULL, 1, '2025-11-21 05:59:06'),
(225, 54, 'C', '用提问帮对方看清自己', NULL, 1, '2025-11-21 05:59:06'),
(226, 54, 'D', '用轻松方式让对方没那么难过', NULL, 1, '2025-11-21 05:59:06'),
(227, 55, 'A', '做些小事帮他缓解现实压力', NULL, 1, '2025-11-21 05:59:06'),
(228, 55, 'B', '拉着对方一起解决问题', NULL, 1, '2025-11-21 05:59:06'),
(229, 55, 'C', '帮他重新梳理思路', NULL, 1, '2025-11-21 05:59:06'),
(230, 55, 'D', '想办法逗对方重振精神', NULL, 1, '2025-11-21 05:59:06'),
(231, 56, 'A', '这件事让我感觉舒服吗', NULL, 1, '2025-11-21 05:59:06'),
(232, 56, 'B', '这件事有没有逻辑', NULL, 1, '2025-11-21 05:59:06'),
(233, 56, 'C', '这是不是能快速推进', NULL, 1, '2025-11-21 05:59:06'),
(234, 56, 'D', '这好不好玩', NULL, 1, '2025-11-21 05:59:06'),
(235, 57, 'A', '想对方是不是很忙，不会怪', NULL, 1, '2025-11-21 05:59:06'),
(236, 57, 'B', '分析对方平时的沟通习惯', NULL, 1, '2025-11-21 05:59:06'),
(237, 57, 'C', '直接发一句：在吗', NULL, 1, '2025-11-21 05:59:06'),
(238, 57, 'D', '发个表情包缓和自己的焦虑', NULL, 1, '2025-11-21 05:59:06'),
(239, 58, 'A', '安全感与舒服的节奏', NULL, 1, '2025-11-21 05:59:06'),
(240, 58, 'B', '对方是否能跟你深度对话', NULL, 1, '2025-11-21 05:59:06'),
(241, 58, 'C', '对方是否有行动力、可靠', NULL, 1, '2025-11-21 05:59:06'),
(242, 58, 'D', '对方是不是有趣、有点反差', NULL, 1, '2025-11-21 05:59:06'),
(243, 59, 'A', '温柔，不强推观点', NULL, 1, '2025-11-21 05:59:06'),
(244, 59, 'B', '想清楚再开口', NULL, 1, '2025-11-21 05:59:06'),
(245, 59, 'C', '简单直接', NULL, 1, '2025-11-21 05:59:06'),
(246, 59, 'D', '不拘小节，轻松自然', NULL, 1, '2025-11-21 05:59:06'),
(247, 60, 'A', '慢慢拆开，让对方好消化', NULL, 1, '2025-11-21 05:59:06'),
(248, 60, 'B', '抽象成几个核心点', NULL, 1, '2025-11-21 05:59:06'),
(249, 60, 'C', '迅速说重点', NULL, 1, '2025-11-21 05:59:06'),
(250, 60, 'D', '用夸张或比喻搞笑表达', NULL, 1, '2025-11-21 05:59:06'),
(251, 61, 'A', '觉得对方说话让人很安心', NULL, 1, '2025-11-21 05:59:06'),
(252, 61, 'B', '想从对方那里学点东西', NULL, 1, '2025-11-21 05:59:06'),
(253, 61, 'C', '想跟对方较劲一下', NULL, 1, '2025-11-21 05:59:06'),
(254, 61, 'D', '想逗逗对方，看他什么反应', NULL, 1, '2025-11-21 05:59:06'),
(255, 62, 'A', '小心确认，不想给对方压力', NULL, 1, '2025-11-21 05:59:06'),
(256, 62, 'B', '先观察他对别人是不是也这样', NULL, 1, '2025-11-21 05:59:06'),
(257, 62, 'C', '跟对方的互动变得更大胆一点', NULL, 1, '2025-11-21 05:59:06'),
(258, 62, 'D', '先开个玩笑试探一下', NULL, 1, '2025-11-21 05:59:06'),
(259, 63, 'A', '慢慢消化，慢慢推进', NULL, 1, '2025-11-21 05:59:06'),
(260, 63, 'B', '先理清结构，再行动', NULL, 1, '2025-11-21 05:59:06'),
(261, 63, 'C', '看到问题就立刻处理', NULL, 1, '2025-11-21 05:59:06'),
(262, 63, 'D', '边处理边即兴发挥', NULL, 1, '2025-11-21 05:59:06'),
(263, 64, 'A', '温柔、可靠、节奏稳的人', NULL, 1, '2025-11-21 05:59:06'),
(264, 64, 'B', '思考深、有观点的人', NULL, 1, '2025-11-21 05:59:06'),
(265, 64, 'C', '行动力强、有气场的人', NULL, 1, '2025-11-21 05:59:06'),
(266, 64, 'D', '有点疯、有趣、不按常理的人', NULL, 1, '2025-11-21 05:59:06'),
(267, 65, 'A', '分享自己真实的情绪', NULL, 1, '2025-11-21 05:59:06'),
(268, 65, 'B', '开始聊人生、世界、意义', NULL, 1, '2025-11-21 05:59:06'),
(269, 65, 'C', '主动带节奏，让对话更热', NULL, 1, '2025-11-21 05:59:06'),
(270, 65, 'D', '进入搞怪模式，越聊越离谱', NULL, 1, '2025-11-21 05:59:06'),
(271, 66, 'A', '先理解对方为什么这么想', NULL, 1, '2025-11-21 05:59:06'),
(272, 66, 'B', '分析对方观点的逻辑', NULL, 1, '2025-11-21 05:59:06'),
(273, 66, 'C', '直接表达自己的看法', NULL, 1, '2025-11-21 05:59:06'),
(274, 66, 'D', '用轻松幽默的方式反驳', NULL, 1, '2025-11-21 05:59:06'),
(275, 67, 'A', '做很多细小的关心', NULL, 1, '2025-11-21 05:59:06'),
(276, 67, 'B', '跟对方进行深入交流', NULL, 1, '2025-11-21 05:59:06'),
(277, 67, 'C', '主动找对方，主动约见', NULL, 1, '2025-11-21 05:59:06'),
(278, 67, 'D', '用玩笑、调侃、反差表达', NULL, 1, '2025-11-21 05:59:06'),
(279, 68, 'A', '有点甜，心都软了', NULL, 1, '2025-11-21 05:59:06'),
(280, 68, 'B', '好奇对方现在在想什么', NULL, 1, '2025-11-21 05:59:06'),
(281, 68, 'C', '兴奋，马上继续聊', NULL, 1, '2025-11-21 05:59:06'),
(282, 68, 'D', '回对方一句有趣的话', NULL, 1, '2025-11-21 05:59:06'),
(283, 69, 'A', '害羞地笑一下', NULL, 1, '2025-11-21 05:59:06'),
(284, 69, 'B', '问：你在想什么', NULL, 1, '2025-11-21 05:59:06'),
(285, 69, 'C', '看着对方的眼睛，直接回应', NULL, 1, '2025-11-21 05:59:06'),
(286, 69, 'D', '开玩笑打断：你看啥呢', NULL, 1, '2025-11-21 05:59:06'),
(287, 70, 'A', '温柔与细腻', NULL, 1, '2025-11-21 05:59:06'),
(288, 70, 'B', '深度与智慧', NULL, 1, '2025-11-21 05:59:06'),
(289, 70, 'C', '自信与气场', NULL, 1, '2025-11-21 05:59:06'),
(290, 70, 'D', '有趣与反差', NULL, 1, '2025-11-21 05:59:06'),
(291, 71, 'A', '提供情绪支持，让对方安心', NULL, 1, '2025-11-21 05:59:06'),
(292, 71, 'B', '给对方思路，陪他分析未来', NULL, 1, '2025-11-21 05:59:06'),
(293, 71, 'C', '安排见面，主动推进关系', NULL, 1, '2025-11-21 05:59:06'),
(294, 71, 'D', '用轻松随性的方式靠近对方', NULL, 1, '2025-11-21 05:59:06'),
(295, 72, 'A', '先稳住情绪，让大家不慌', NULL, 1, '2025-11-21 05:59:06'),
(296, 72, 'B', '迅速找出问题核心', NULL, 1, '2025-11-21 05:59:06'),
(297, 72, 'C', '直接站出来定方向', NULL, 1, '2025-11-21 05:59:06'),
(298, 72, 'D', '说一句轻松的话把大家从紧张里拉出来', NULL, 1, '2025-11-21 05:59:06'),
(299, 73, 'A', '情绪变得更柔软，想哭想说', NULL, 1, '2025-11-21 05:59:06'),
(300, 73, 'B', '变得更沉默、更冷静', NULL, 1, '2025-11-21 05:59:06'),
(301, 73, 'C', '变得更果断、更强硬', NULL, 1, '2025-11-21 05:59:06'),
(302, 73, 'D', '更容易搞怪或说反话', NULL, 1, '2025-11-21 05:59:06'),
(303, 74, 'A', '想理解对方是不是无心的', NULL, 1, '2025-11-21 05:59:06'),
(304, 74, 'B', '注意到对方表达背后的动机', NULL, 1, '2025-11-21 05:59:06'),
(305, 74, 'C', '直接表明你不舒服', NULL, 1, '2025-11-21 05:59:06'),
(306, 74, 'D', '用调侃把不舒服化掉', NULL, 1, '2025-11-21 05:59:06'),
(307, 75, 'A', '先看每个人的情绪状态', NULL, 1, '2025-11-21 05:59:06'),
(308, 75, 'B', '考虑利弊与逻辑', NULL, 1, '2025-11-21 05:59:06'),
(309, 75, 'C', '直接定一个方向', NULL, 1, '2025-11-21 05:59:06'),
(310, 75, 'D', '用轻松方式缓解压力再回答', NULL, 1, '2025-11-21 05:59:06'),
(311, 76, 'A', '更安静，希望有人照顾你', NULL, 1, '2025-11-21 05:59:06'),
(312, 76, 'B', '不想说话，只想独处', NULL, 1, '2025-11-21 05:59:06'),
(313, 76, 'C', '更容易发火或不耐烦', NULL, 1, '2025-11-21 05:59:06'),
(314, 76, 'D', '反而容易变得很疯、很搞笑', NULL, 1, '2025-11-21 05:59:06'),
(315, 77, 'A', '小心解释，让关系不要坏掉', NULL, 1, '2025-11-21 05:59:06'),
(316, 77, 'B', '回想对方是不是误解了你', NULL, 1, '2025-11-21 05:59:06'),
(317, 77, 'C', '直接说明你不认同', NULL, 1, '2025-11-21 05:59:06'),
(318, 77, 'D', '用轻松或夸张的方式回应', NULL, 1, '2025-11-21 05:59:06'),
(319, 78, 'A', '会小声对自己说：没事，我能撑住', NULL, 1, '2025-11-21 05:59:06'),
(320, 78, 'B', '脑子会自动变得更清晰', NULL, 1, '2025-11-21 05:59:06'),
(321, 78, 'C', '会开始掌控一切，让自己稳住', NULL, 1, '2025-11-21 05:59:06'),
(322, 78, 'D', '会突然变得很爱搞笑来解压', NULL, 1, '2025-11-21 05:59:06'),
(323, 79, 'A', '一句温柔的理解', NULL, 1, '2025-11-21 05:59:06'),
(324, 79, 'B', '能把事情理清楚的空间', NULL, 1, '2025-11-21 05:59:06'),
(325, 79, 'C', '能立刻解决问题的方法', NULL, 1, '2025-11-21 05:59:06'),
(326, 79, 'D', '能让你笑出来的瞬间', NULL, 1, '2025-11-21 05:59:06'),
(327, 80, 'A', '寻找能让你安心的存在', NULL, 1, '2025-11-21 05:59:06'),
(328, 80, 'B', '退回内心，让自己冷静', NULL, 1, '2025-11-21 05:59:06'),
(329, 80, 'C', '变得更拼，硬撑过去', NULL, 1, '2025-11-21 05:59:06'),
(330, 80, 'D', '转移注意力去做点好玩的事', NULL, 1, '2025-11-21 05:59:06'),
(331, 81, 'A', '温柔但脆弱的人', NULL, 1, '2025-11-21 05:59:06'),
(332, 81, 'B', '安静但聪明的人', NULL, 1, '2025-11-21 05:59:06'),
(333, 81, 'C', '强硬但可靠的人', NULL, 1, '2025-11-21 05:59:06'),
(334, 81, 'D', '疲惫但依然好笑的人', NULL, 1, '2025-11-21 05:59:06'),
(383, 76, 'A', '有点不安，会想是不是我做错了什么', NULL, 0, '2025-11-21 11:29:08'),
(384, 76, 'B', '有点失落但觉得对方可能在忙', NULL, 0, '2025-11-21 11:29:08'),
(385, 76, 'C', '并不特别焦虑，觉得舒服，轻松', NULL, 0, '2025-11-21 11:29:08'),
(386, 76, 'D', '松了一口气，终于有个人空间', NULL, 0, '2025-11-21 11:29:08'),
(391, 115, 'A', '关掉手机，一个人待在自己的小空间里，看书、发呆、收拾房间。', NULL, 0, '2025-11-21 11:41:20'),
(392, 115, 'B', '立刻在群里问：谁有空？约饭、看电影、逛街都可以。', NULL, 0, '2025-11-21 11:41:20'),
(393, 115, 'C', '打开地图，找一家新店或者一个没去过的地方，一个人去探索。', NULL, 0, '2025-11-21 11:41:20'),
(394, 115, 'D', '慢慢洗漱、穿好衣服，找个好看的咖啡馆坐一下午，顺便拍点好看的照片。', NULL, 0, '2025-11-21 11:41:20'),
(395, 116, 'A', '先听别人说完，再补充一两句关键的观点。', NULL, 0, '2025-11-21 11:41:20'),
(396, 116, 'B', '积极参与，从头聊到尾，尽量让每个人都能接上话。', NULL, 0, '2025-11-21 11:41:20'),
(397, 116, 'C', '偶尔插一句偏题、好笑或清奇的想法，让大家笑一下。', NULL, 0, '2025-11-21 11:41:20'),
(398, 116, 'D', '在旁边静静听，偶尔点头，更多是感受大家的情绪。', NULL, 0, '2025-11-21 11:41:20'),
(399, 117, 'A', '找个地方躲雨，顺便观察周围的人和发生的事情。', NULL, 0, '2025-11-21 11:41:20'),
(400, 117, 'B', '给朋友发消息：你在哪？顺便看有没有人顺路带把伞。', NULL, 0, '2025-11-21 11:41:20'),
(401, 117, 'C', '直接冲到最近的商店，买伞或雨衣，迅速解决问题。', NULL, 0, '2025-11-21 11:41:20'),
(402, 117, 'D', '摊摊手，慢慢走，反正淋一会儿雨也没关系，说不定还挺浪漫。', NULL, 0, '2025-11-21 11:41:20'),
(403, 118, 'A', '先递纸巾、倒水，再问：“你想说说吗？我在这儿听着。”', NULL, 0, '2025-11-21 11:41:20'),
(404, 118, 'B', '一边听一边帮 TA 梳理事情的来龙去脉，分析可能的解决方案。', NULL, 0, '2025-11-21 11:41:20'),
(405, 118, 'C', '说：“走，我们先出去透透气/吃点好吃的，再慢慢聊。”', NULL, 0, '2025-11-21 11:41:20'),
(406, 118, 'D', '心很软，眼眶也有点湿，说话很轻，只想好好抱一下对方。', NULL, 0, '2025-11-21 11:41:20'),
(407, 119, 'A', '自由感：我们相爱，但彼此保留独处和神秘的空间。', NULL, 0, '2025-11-21 11:41:20'),
(408, 119, 'B', '确定感：知道对方不会轻易离开，有事可以随时找。', NULL, 0, '2025-11-21 11:41:20'),
(409, 119, 'C', '好玩感：一起成长、一起搞事情、不无聊。', NULL, 0, '2025-11-21 11:41:20'),
(410, 119, 'D', '理解感：不一定每天黏在一起，但彼此懂对方心里的事。', NULL, 0, '2025-11-21 11:41:20'),
(411, 120, 'A', '只要不伤害别人，我更想按照自己的节奏来。', NULL, 0, '2025-11-21 11:41:20'),
(412, 120, 'B', '有些基本的规则是为了大家都舒服，我会尽量遵守。', NULL, 0, '2025-11-21 11:41:20'),
(413, 120, 'C', '先看规则有没有漏洞，必要时我也会灵活变通。', NULL, 0, '2025-11-21 11:41:20'),
(414, 120, 'D', '我会先问：这个规则背后是出于什么考虑？', NULL, 0, '2025-11-21 11:41:20'),
(415, 121, 'A', '注意脚步声、灯光和周围的人，警觉但不多想。', NULL, 0, '2025-11-21 11:41:20'),
(416, 121, 'B', '想到一些画面、故事，甚至有点享受这种孤独感。', NULL, 0, '2025-11-21 11:41:20'),
(417, 121, 'C', '默默盘点今天发生的事，像在做日记的目录。', NULL, 0, '2025-11-21 11:41:20'),
(418, 121, 'D', '赶紧发个消息给朋友：“我现在一个人走夜路，陪我聊会儿。”', NULL, 0, '2025-11-21 11:41:20'),
(419, 122, 'A', '“你可以不用每次都自己扛着，我在。”', NULL, 0, '2025-11-21 11:41:20'),
(420, 122, 'B', '“不管你现在什么样，我都还在这儿。”', NULL, 0, '2025-11-21 11:41:20'),
(421, 122, 'C', '“我好佩服你，总能想到别人想不到的办法。”', NULL, 0, '2025-11-21 11:41:20'),
(422, 122, 'D', '“我好像比别人更看得懂你。”', NULL, 0, '2025-11-21 11:41:20'),
(423, 123, 'A', '一座城市里的小公寓，有窗、有书、有 Wi-Fi、有你的小世界。', NULL, 0, '2025-11-21 11:41:20'),
(424, 123, 'B', '一个有很多朋友、邻居的社区，大家经常串门聊天。', NULL, 0, '2025-11-21 11:41:20'),
(425, 123, 'C', '一个靠海的小镇，可以每天看海、认识新的人。', NULL, 0, '2025-11-21 11:41:20'),
(426, 123, 'D', '一片安静的森林边缘，有漂亮的自然风景和不太多的人。', NULL, 0, '2025-11-21 11:41:20'),
(427, 124, 'A', '沉默下来，把距离拉开，先不解释。', NULL, 0, '2025-11-21 11:41:20'),
(428, 124, 'B', '立刻解释清楚，希望对方不要带着这个误会。', NULL, 0, '2025-11-21 11:41:20'),
(429, 124, 'C', '挑一个合适的时机，用比较理性的方式讲清楚前因后果。', NULL, 0, '2025-11-21 11:41:20'),
(430, 124, 'D', '嘴上说“随便你怎么想”，心里记住这件事很久。', NULL, 0, '2025-11-21 11:41:20'),
(431, 125, 'A', '轻轻地、安静地走，仿佛不太希望被注意到。', NULL, 0, '2025-11-21 11:41:20'),
(432, 125, 'B', '有点小跑，见到熟人会主动挥手打招呼。', NULL, 0, '2025-11-21 11:41:20'),
(433, 125, 'C', '步伐轻快，时不时改变路线，想到什么就去做什么。', NULL, 0, '2025-11-21 11:41:20'),
(434, 125, 'D', '节奏稳定、不急不慢，会顺便观察周围的一切。', NULL, 0, '2025-11-21 11:41:20'),
(435, 126, 'A', '“你不用对每个人都温柔，对自己好一点。”', NULL, 0, '2025-11-21 11:41:20'),
(436, 126, 'B', '“你已经看得很清楚了，不用再逼自己看得更透。”', NULL, 0, '2025-11-21 11:41:20'),
(437, 126, 'C', '“你不需要随时都很聪明，有时候笨一点也没问题。”', NULL, 0, '2025-11-21 11:41:20'),
(438, 126, 'D', '“离开那些让你不断收起自己的地方。”', NULL, 0, '2025-11-21 11:41:20'),
(439, 127, 'A', '像猫：窝在舒服的地方，一个人安静待着。333', NULL, 0, '2025-11-22 04:11:04'),
(440, 127, 'B', '像狗：找人聊天、一起玩，热热闹闹才算休息。', NULL, 0, '2025-11-22 04:11:04'),
(441, 128, 'A', '有点慌，但还是会礼貌接待，给他们倒水、找话题。', NULL, 0, '2025-11-22 04:11:04'),
(442, 128, 'B', '内心崩溃，只想赶紧结束这场社交袭击。', NULL, 0, '2025-11-22 04:11:04'),
(443, 129, 'A', '“你很黏人，但让我觉得很安心。”', NULL, 0, '2025-11-22 04:11:04'),
(444, 129, 'B', '“你很独立，但我总觉得摸不太透你。”', NULL, 0, '2025-11-22 04:11:04'),
(445, 130, 'A', '今天有不少事得认真处理。', NULL, 4, '2025-11-24 08:52:59'),
(446, 130, 'B', '计划一下今天的节奏。', NULL, 3, '2025-11-24 08:52:59'),
(447, 130, 'C', '再睡一下，等状态好了再说。', NULL, 2, '2025-11-24 08:52:59'),
(448, 130, 'D', '好烦啊，不想面对。', NULL, 1, '2025-11-24 08:52:59'),
(449, 131, 'A', '冷静分析原因，迅速寻找解决方法。', NULL, 4, '2025-11-24 08:52:59'),
(450, 131, 'B', '紧张一下，但还是会努力解决。', NULL, 3, '2025-11-24 08:52:59'),
(451, 131, 'C', '拖一拖，希望情况自动好转。', NULL, 2, '2025-11-24 08:52:59'),
(452, 131, 'D', '立刻崩溃找人求助。', NULL, 1, '2025-11-24 08:52:59'),
(453, 132, 'A', '优先存起来，未来更重要。', NULL, 4, '2025-11-24 08:52:59'),
(454, 132, 'B', '犒劳自己，但也存一部分。', NULL, 3, '2025-11-24 08:52:59'),
(455, 132, 'C', '先开心花掉再说。', NULL, 2, '2025-11-24 08:52:59'),
(456, 132, 'D', '完全花光，人生苦短。', NULL, 1, '2025-11-24 08:52:59'),
(457, 133, 'A', '回味人物命运和故事背后的含义。', NULL, 4, '2025-11-24 08:52:59'),
(458, 133, 'B', '觉得好看或感动，但很快继续日常。', NULL, 3, '2025-11-24 08:52:59'),
(459, 133, 'C', '觉得好玩、剧情刺激就够了。', NULL, 2, '2025-11-24 08:52:59'),
(460, 133, 'D', '看完马上点开下一部，几乎不在意内容。', NULL, 1, '2025-11-24 08:52:59'),
(461, 134, 'A', '认真倾听，帮他理清思路并给出建议。', NULL, 4, '2025-11-24 08:52:59'),
(462, 134, 'B', '耐心安慰，对方需要时再多聊。', NULL, 3, '2025-11-24 08:52:59'),
(463, 134, 'C', '有点敷衍，但还是礼貌回应几句。', NULL, 2, '2025-11-24 08:52:59'),
(464, 134, 'D', '能躲就躲，怕被负面情绪影响。', NULL, 1, '2025-11-24 08:52:59'),
(465, 135, 'A', '失败是经验，是成长的养分。', NULL, 4, '2025-11-24 08:52:59'),
(466, 135, 'B', '会难过一阵，但之后会总结调整。', NULL, 3, '2025-11-24 08:52:59'),
(467, 135, 'C', '失败让我害怕再次尝试。', NULL, 2, '2025-11-24 08:52:59'),
(468, 135, 'D', '一失败就想躺平，不想再动。', NULL, 1, '2025-11-24 08:52:59'),
(469, 136, 'A', '稳重成熟、有智慧。', NULL, 4, '2025-11-24 08:52:59'),
(470, 136, 'B', '可靠、值得信任。', NULL, 3, '2025-11-24 08:52:59'),
(471, 136, 'C', '有活力、有少年感。', NULL, 2, '2025-11-24 08:52:59'),
(472, 136, 'D', '像孩子一样有趣。', NULL, 1, '2025-11-24 08:52:59'),
(473, 137, 'A', '有比较清晰的长期规划和阶段目标。', NULL, 4, '2025-11-24 08:52:59'),
(474, 137, 'B', '大方向清楚，细节再边走边看。', NULL, 3, '2025-11-24 08:52:59'),
(475, 137, 'C', '想法很多，但总觉得难以真正落实。', NULL, 2, '2025-11-24 08:52:59'),
(476, 137, 'D', '未来太远，先过好今天再说。', NULL, 1, '2025-11-24 08:52:59'),
(477, 138, 'A', '尝试沟通，努力理解对方再找共识。', NULL, 4, '2025-11-24 08:52:59'),
(478, 138, 'B', '表达自己的看法，同时尊重不同意见。', NULL, 3, '2025-11-24 08:52:59'),
(479, 138, 'C', '不想争论，尽量跳过这个话题。', NULL, 2, '2025-11-24 08:52:59'),
(480, 138, 'D', '懒得说，直接结束对话或不再联系。', NULL, 1, '2025-11-24 08:52:59'),
(481, 139, 'A', '学习新东西、阅读、深度思考。', NULL, 4, '2025-11-24 08:52:59'),
(482, 139, 'B', '和朋友聚会聊天，适度放松。', NULL, 3, '2025-11-24 08:52:59'),
(483, 139, 'C', '刷短视频、打游戏、追剧放空大脑。', NULL, 2, '2025-11-24 08:52:59'),
(484, 139, 'D', '什么都不想做，只想躺着。', NULL, 1, '2025-11-24 08:52:59'),
(485, 140, 'A', '有意识规律作息和运动，当成长期投资。', NULL, 4, '2025-11-24 08:52:59'),
(486, 140, 'B', '偶尔会注重健康，但也会纵容自己。', NULL, 3, '2025-11-24 08:52:59'),
(487, 140, 'C', '知道该管理但总是坚持不久。', NULL, 2, '2025-11-24 08:52:59'),
(488, 140, 'D', '觉得反正还年轻，没必要太在意。', NULL, 1, '2025-11-24 08:52:59'),
(489, 141, 'A', '比较稳重，观察多于表达，有需要时才发言。', NULL, 4, '2025-11-24 08:52:59'),
(490, 141, 'B', '自然融入氛围，聊得来就多聊。', NULL, 3, '2025-11-24 08:52:59'),
(491, 141, 'C', '容易觉得累，需要找机会躲一躲。', NULL, 2, '2025-11-24 08:52:59'),
(492, 141, 'D', '常常游离在边缘，想早点离开。', NULL, 1, '2025-11-24 08:52:59'),
(493, 142, 'A', '欢迎改变，把它当成升级自己的机会。', NULL, 4, '2025-11-24 08:52:59'),
(494, 142, 'B', '有点紧张但愿意尝试新的可能。', NULL, 3, '2025-11-24 08:52:59'),
(495, 142, 'C', '改变让我焦虑，更倾向维持现状。', NULL, 2, '2025-11-24 08:52:59'),
(496, 142, 'D', '非常抗拒改变，只想待在熟悉的舒适区。', NULL, 1, '2025-11-24 08:52:59'),
(497, 143, 'A', '认真复盘，总结经验后继续前进。', NULL, 4, '2025-11-24 08:52:59'),
(498, 143, 'B', '情绪波动一下，过后慢慢调整好。', NULL, 3, '2025-11-24 08:52:59'),
(499, 143, 'C', '尽量不去想它，当作没发生。', NULL, 2, '2025-11-24 08:52:59'),
(500, 143, 'D', '觉得很受打击，不想再尝试类似的事。', NULL, 1, '2025-11-24 08:52:59'),
(501, 144, 'A', '先表示感谢，再平和表达自己的看法。', NULL, 4, '2025-11-24 08:52:59'),
(502, 144, 'B', '直接说出不同意见，但保持礼貌。', NULL, 3, '2025-11-24 08:52:59'),
(503, 144, 'C', '表面点头，心里打算按自己的来。', NULL, 2, '2025-11-24 08:52:59'),
(504, 144, 'D', '觉得对方多管闲事，从此不太想再提及。', NULL, 1, '2025-11-24 08:52:59'),
(505, 145, 'A', '提前做好准备，安排好时间和方案。', NULL, 4, '2025-11-24 08:52:59'),
(506, 145, 'B', '有点紧张，但会硬着头皮去完成。', NULL, 3, '2025-11-24 08:52:59'),
(507, 145, 'C', '不太想面对，可能会拖到最后一刻。', NULL, 2, '2025-11-24 08:52:59'),
(508, 145, 'D', '能躲就躲，实在不想去做。', NULL, 1, '2025-11-24 08:52:59'),
(509, 146, 'A', '我已经不想再拿命去拼或赌了。', NULL, 4, '2025-11-24 08:52:59'),
(510, 146, 'B', '我还想多看看世界、体验不同生活。', NULL, 3, '2025-11-24 08:52:59'),
(511, 146, 'C', '只要开心就好，别想太多。', NULL, 2, '2025-11-24 08:52:59'),
(512, 146, 'D', '我就是要疯一疯，其他之后再说。', NULL, 1, '2025-11-24 08:52:59'),
(513, 147, 'A', '更成熟，像比同龄人多活过一轮。', NULL, 4, '2025-11-24 08:52:59'),
(514, 147, 'B', '差不多，和实际年龄比较匹配。', NULL, 3, '2025-11-24 08:52:59'),
(515, 147, 'C', '稍微年轻一点，还有很多想玩。', NULL, 2, '2025-11-24 08:52:59'),
(516, 147, 'D', '明显更年轻，我心里好像还在青春期。', NULL, 1, '2025-11-24 08:52:59'),
(517, 148, 'A', '立刻去做，边做边解决。', NULL, 0, '2025-11-24 09:46:21'),
(518, 148, 'B', '先感受一下自己的情绪。', NULL, 0, '2025-11-24 09:46:21'),
(519, 148, 'C', '先制定计划，再让他人协同。', NULL, 0, '2025-11-24 09:46:21'),
(520, 149, 'A', '自己上去帮他扛。', NULL, 0, '2025-11-24 09:46:21'),
(521, 149, 'B', '陪他聊聊原因。', NULL, 0, '2025-11-24 09:46:21'),
(522, 149, 'C', '调整任务与人员配置。', NULL, 0, '2025-11-24 09:46:21'),
(523, 150, 'A', '一起承担困难、并肩作战。', NULL, 0, '2025-11-24 09:46:21'),
(524, 150, 'B', '深度的情感交流和共鸣。', NULL, 0, '2025-11-24 09:46:21'),
(525, 150, 'C', '相互成就，一起变得更强。', NULL, 0, '2025-11-24 09:46:21'),
(526, 151, 'A', '很靠谱，交代的事一定会做到。', NULL, 0, '2025-11-24 09:46:21'),
(527, 151, 'B', '很温柔，懂得照顾别人感受。', NULL, 0, '2025-11-24 09:46:21'),
(528, 151, 'C', '很有主见，知道自己要什么。', NULL, 0, '2025-11-24 09:46:21'),
(529, 152, 'A', '太软弱、不敢扛事。', NULL, 0, '2025-11-24 09:46:21'),
(530, 152, 'B', '太迟钝、不够细腻。', NULL, 0, '2025-11-24 09:46:21'),
(531, 152, 'C', '太普通、不够有存在感。', NULL, 0, '2025-11-24 09:46:21'),
(532, 153, 'A', '先忍住，等事情解决再说感受。', NULL, 0, '2025-11-24 09:46:21'),
(533, 153, 'B', '写下来、画出来或者对人倾诉。', NULL, 0, '2025-11-24 09:46:21'),
(534, 153, 'C', '分析情绪背后的原因，调整局面。', NULL, 0, '2025-11-24 09:46:21'),
(535, 154, 'A', '站出来据理力争，哪怕吃亏也要硬刚。', NULL, 0, '2025-11-24 09:46:21'),
(536, 154, 'B', '用作品、文字或情绪表达不满。', NULL, 0, '2025-11-24 09:46:21'),
(537, 154, 'C', '想办法推动规则改变，让制度更公正。', NULL, 0, '2025-11-24 09:46:21'),
(538, 155, 'A', '自己好像没有任何价值。', NULL, 0, '2025-11-24 09:46:21'),
(539, 155, 'B', '明明在场，却没人真正懂我。', NULL, 0, '2025-11-24 09:46:21'),
(540, 155, 'C', '所有人都忽视我、把我当成可有可无。', NULL, 0, '2025-11-24 09:46:21'),
(541, 156, 'A', '咬咬牙，继续硬扛，把事情做完。', NULL, 0, '2025-11-24 09:46:21'),
(542, 156, 'B', '躲进自己的世界里，先让情绪缓一缓。', NULL, 0, '2025-11-24 09:46:21'),
(543, 156, 'C', '先理清局势，重新分配精力和资源。', NULL, 0, '2025-11-24 09:46:21'),
(544, 157, 'A', '摔倒就爬起来，继续尝试。', NULL, 0, '2025-11-24 09:46:21'),
(545, 157, 'B', '会难过很久，需要时间消化。', NULL, 0, '2025-11-24 09:46:21'),
(546, 157, 'C', '总结经验，换一个策略继续推进。', NULL, 0, '2025-11-24 09:46:21'),
(547, 158, 'A', '在对方最需要的时候出现，帮他解决问题。', NULL, 0, '2025-11-24 09:46:21'),
(548, 158, 'B', '写长长的消息、送小礼物、记录细节。', NULL, 0, '2025-11-24 09:46:21'),
(549, 158, 'C', '规划你们的未来，帮对方看见更大的世界。', NULL, 0, '2025-11-24 09:46:21'),
(550, 159, 'A', '懒得解释，用实际行动证明。', NULL, 0, '2025-11-24 09:46:21'),
(551, 159, 'B', '很受伤，会不断在心里反复回想。', NULL, 0, '2025-11-24 09:46:21'),
(552, 159, 'C', '找机会把话说清楚，重新掌控叙事。', NULL, 0, '2025-11-24 09:46:21'),
(553, 160, 'A', '责任感——谁该扛起这件事。', NULL, 0, '2025-11-24 09:46:21'),
(554, 160, 'B', '直觉和感受——我心里真正想要什么。', NULL, 0, '2025-11-24 09:46:21'),
(555, 160, 'C', '长远利益——哪条路对整体最有利。', NULL, 0, '2025-11-24 09:46:21'),
(556, 161, 'A', '特别能干、有执行力的人。', NULL, 0, '2025-11-24 09:46:21'),
(557, 161, 'B', '活得真诚、有表达和审美的人。', NULL, 0, '2025-11-24 09:46:21'),
(558, 161, 'C', '有影响力、能带动他人的人。', NULL, 0, '2025-11-24 09:46:21'),
(559, 162, 'A', '可靠、有担当，说到做到。', NULL, 0, '2025-11-24 09:46:21'),
(560, 162, 'B', '懂我的情绪和隐秘小心思。', NULL, 0, '2025-11-24 09:46:21'),
(561, 162, 'C', '认可我、看见我的价值和野心。', NULL, 0, '2025-11-24 09:46:21'),
(562, 163, 'A', '执行者、守护者，在前线扛事的人。', NULL, 0, '2025-11-24 09:46:21'),
(563, 163, 'B', '创作者、记录者，把情绪写进世界的人。', NULL, 0, '2025-11-24 09:46:21'),
(564, 163, 'C', '决策者、引导者，让方向变得清晰的人。', NULL, 0, '2025-11-24 09:46:21'),
(565, 164, 'A', '主动寻找自己能帮上的地方。', NULL, 0, '2025-11-24 09:46:21'),
(566, 164, 'B', '先观察每个人的情绪和氛围。', NULL, 0, '2025-11-24 09:46:21'),
(567, 164, 'C', '自然带节奏、组织大家做点什么。', NULL, 0, '2025-11-24 09:46:21'),
(568, 165, 'A', '我完全无能为力、帮不上忙。', NULL, 0, '2025-11-24 09:46:21'),
(569, 165, 'B', '我情绪崩溃、控制不住自己。', NULL, 0, '2025-11-24 09:46:21'),
(570, 165, 'C', '我失去掌控、一切都乱成一团。', NULL, 0, '2025-11-24 09:46:21'),
(571, 166, 'A', '少一点死扛，多一点向别人求助。', NULL, 0, '2025-11-24 09:46:21'),
(572, 166, 'B', '少一点情绪内耗，多一点自我安稳。', NULL, 0, '2025-11-24 09:46:21'),
(573, 166, 'C', '少一点控制欲，多一点接受不完美。', NULL, 0, '2025-11-24 09:46:21'),
(574, 167, 'A', '战斗，再难也要向前。', NULL, 0, '2025-11-24 09:46:21'),
(575, 167, 'B', '表达，把经历写进自己的故事。', NULL, 0, '2025-11-24 09:46:21'),
(576, 167, 'C', '构建，慢慢搭出属于自己的王国。', NULL, 0, '2025-11-24 09:46:21'),
(577, 168, 'A', '迅速判断谁最有话语权。', NULL, 0, '2025-11-24 22:46:43'),
(578, 168, 'B', '悄悄观察整体氛围，再决定要不要融入。', NULL, 0, '2025-11-24 22:46:43'),
(579, 168, 'C', '找朋友聊天，或者主动认识新的人。', NULL, 0, '2025-11-24 22:46:43'),
(580, 168, 'D', '先找一个舒服的角落待着，慢慢适应。', NULL, 0, '2025-11-24 22:46:43'),
(581, 169, 'A', '方向不清晰，没人带头。', NULL, 0, '2025-11-24 22:46:43'),
(582, 169, 'B', '在过程中被误解、不被喜欢。', NULL, 0, '2025-11-24 22:46:43'),
(583, 169, 'C', '一路上只有自己，很难得到回应。', NULL, 0, '2025-11-24 22:46:43'),
(584, 169, 'D', '被迫离开现在的稳定和舒适区。', NULL, 0, '2025-11-24 22:46:43'),
(585, 170, 'A', '赢下竞争、掌控局面的感觉。', NULL, 0, '2025-11-24 22:46:43'),
(586, 170, 'B', '跟喜欢的人贴心地慢慢相处。', NULL, 0, '2025-11-24 22:46:43'),
(587, 170, 'C', '在人群里笑到停不下来，整场都很嗨。', NULL, 0, '2025-11-24 22:46:43'),
(588, 170, 'D', '一个人安静独处，完全不用解释自己。', NULL, 0, '2025-11-24 22:46:43'),
(589, 171, 'A', '实现一个更宏大的计划，推动一件大事。', NULL, 0, '2025-11-24 22:46:43'),
(590, 171, 'B', '去治愈某个自己或他人的旧伤，让心真正放下。', NULL, 0, '2025-11-24 22:46:43'),
(591, 171, 'C', '玩得很疯，做平时不敢做的事，留下难忘回忆。', NULL, 0, '2025-11-24 22:46:43'),
(592, 171, 'D', '彻底放空，手机关机，谁也别来管我。', NULL, 0, '2025-11-24 22:46:43'),
(593, 172, 'A', '指挥者：分配任务、定方向的人。', NULL, 0, '2025-11-24 22:46:43'),
(594, 172, 'B', '安抚者：照顾大家情绪的人。', NULL, 0, '2025-11-24 22:46:43'),
(595, 172, 'C', '气氛制造者：负责让场子不冷的人。', NULL, 0, '2025-11-24 22:46:43'),
(596, 172, 'D', '独立行动者：一个人把自己的那部分做好就好。', NULL, 0, '2025-11-24 22:46:43'),
(597, 173, 'A', '保持距离，但不会当场翻脸，会观察对方的动机。', NULL, 0, '2025-11-24 22:46:43'),
(598, 173, 'B', '尽量避免冲突，不和对方单独相处。', NULL, 0, '2025-11-24 22:46:43'),
(599, 173, 'C', '表面礼貌客气，但心里很快把对方屏蔽掉。', NULL, 0, '2025-11-24 22:46:43'),
(600, 173, 'D', '直接淡出对方的世界，能不打交道就不打交道。', NULL, 0, '2025-11-24 22:46:43'),
(601, 174, 'A', '一幅等待被征服的版图，我想掌握更多主动权。', NULL, 0, '2025-11-24 22:46:43'),
(602, 174, 'B', '一条慢慢流动的河，重要的是跟在乎的人一起走。', NULL, 0, '2025-11-24 22:46:43'),
(603, 174, 'C', '一场躁动又兴奋的旅途，我期待各种未知惊喜。', NULL, 0, '2025-11-24 22:46:43'),
(604, 174, 'D', '一座慢慢建成的洞穴，安全又属于我自己。', NULL, 0, '2025-11-24 22:46:43'),
(605, 175, 'A', '自带王者气场，一开口就能掌控全场。', NULL, 0, '2025-11-24 22:46:43'),
(606, 175, 'B', '让身边的人在我面前都感到安全、放松、被理解。', NULL, 0, '2025-11-24 22:46:43'),
(607, 175, 'C', '无障碍社交，可以轻松和任何人聊到一起。', NULL, 0, '2025-11-24 22:46:43'),
(608, 175, 'D', '神秘而优雅，有清晰边界感，不被轻易读懂。', NULL, 0, '2025-11-24 22:46:43'),
(609, 176, 'A', '给我具体建议，帮我一起想解决办法。', NULL, 0, '2025-11-24 22:46:43'),
(610, 176, 'B', '给我一个拥抱或一句认同，让我知道我不孤单。', NULL, 0, '2025-11-24 22:46:43'),
(611, 176, 'C', '把我拽出去走走，讲笑话、做点好玩的事情。', NULL, 0, '2025-11-24 22:46:43'),
(612, 176, 'D', '尊重我想一个人待着，不追问细节。', NULL, 0, '2025-11-24 22:46:43'),
(613, 177, 'A', '合理的规则应该被执行好，才能保护更多人。', NULL, 0, '2025-11-24 22:46:43'),
(614, 177, 'B', '规则可以调整，只要不伤害别人就好。', NULL, 0, '2025-11-24 22:46:43'),
(615, 177, 'C', '规则很多时候是在限制有趣的事情。', NULL, 0, '2025-11-24 22:46:43'),
(616, 177, 'D', '规则不应该干涉我最核心的选择和边界。', NULL, 0, '2025-11-24 22:46:43'),
(617, 178, 'A', '能力很强、关键时刻可靠。', NULL, 0, '2025-11-24 22:46:43'),
(618, 178, 'B', '很温柔、很好相处、值得信任。', NULL, 0, '2025-11-24 22:46:43'),
(619, 178, 'C', '很好玩、很有趣、跟你在一起不无聊。', NULL, 0, '2025-11-24 22:46:43'),
(620, 178, 'D', '很有自己、清醒又独立。', NULL, 0, '2025-11-24 22:46:43'),
(621, 179, 'A', '冲锋式：忙一点没关系，只要在往前冲。', NULL, 0, '2025-11-24 22:46:43'),
(622, 179, 'B', '四季式：有忙有闲，有工作有慢生活。', NULL, 0, '2025-11-24 22:46:43'),
(623, 179, 'C', '过山车式：快慢交替，高潮很多。', NULL, 0, '2025-11-24 22:46:43'),
(624, 179, 'D', '岛屿式：按自己的节奏活，不被别人催促。', NULL, 0, '2025-11-24 22:46:43'),
(625, 180, 'A', '我对权力、地位变化特别敏感。', NULL, 0, '2025-11-24 22:46:43'),
(626, 180, 'B', '我对情绪和潜台词非常敏感。', NULL, 0, '2025-11-24 22:46:43'),
(627, 180, 'C', '我对氛围冷不冷场、场子热不热很敏感。', NULL, 0, '2025-11-24 22:46:43'),
(628, 180, 'D', '我对自己的隐私和边界特别敏感。', NULL, 0, '2025-11-24 22:46:43'),
(629, 181, 'A', '说到做到，在关键时刻不会退缩。', NULL, 0, '2025-11-24 22:46:43'),
(630, 181, 'B', '愿意善良，不故意让人受伤。', NULL, 0, '2025-11-24 22:46:43'),
(631, 181, 'C', '在一起可以放松做自己，不用端着。', NULL, 0, '2025-11-24 22:46:43'),
(632, 181, 'D', '尊重差异，不试图改变别人。', NULL, 0, '2025-11-24 22:46:43'),
(633, 182, 'A', '硬刚上去，先把最难的那一块处理掉。', NULL, 0, '2025-11-24 22:46:43'),
(634, 182, 'B', '先找可以说话的人，把心情稳定下来。', NULL, 0, '2025-11-24 22:46:43'),
(635, 182, 'C', '看看有没有人可以一起扛，拉个队友比较安心。', NULL, 0, '2025-11-24 22:46:43'),
(636, 182, 'D', '先静下来分析，再挑自己能掌控的部分动手。', NULL, 0, '2025-11-24 22:46:43'),
(637, 183, 'A', '悄悄盘算下一步行动的人。', NULL, 0, '2025-11-24 22:46:43'),
(638, 183, 'B', '怀抱着柔软的幻想和对明天的小期待的人。', NULL, 0, '2025-11-24 22:46:43'),
(639, 183, 'C', '仍想找个人聊天、分享脑洞的人。', NULL, 0, '2025-11-24 22:46:43'),
(640, 183, 'D', '享受黑夜和安静，把自己收回到壳里的那个人。', NULL, 0, '2025-11-24 22:46:43');

-- --------------------------------------------------------

--
-- 表的结构 `results`
--

CREATE TABLE `results` (
  `id` int(10) UNSIGNED NOT NULL,
  `test_id` int(10) UNSIGNED NOT NULL,
  `code` varchar(50) COLLATE utf8mb4_unicode_ci NOT NULL,
  `title` varchar(255) COLLATE utf8mb4_unicode_ci NOT NULL,
  `description` text COLLATE utf8mb4_unicode_ci,
  `image_url` varchar(255) COLLATE utf8mb4_unicode_ci DEFAULT NULL,
  `min_score` decimal(10,2) DEFAULT NULL,
  `max_score` decimal(10,2) DEFAULT NULL,
  `created_at` datetime NOT NULL DEFAULT CURRENT_TIMESTAMP,
  `updated_at` datetime NOT NULL DEFAULT CURRENT_TIMESTAMP ON UPDATE CURRENT_TIMESTAMP
) ENGINE=InnoDB DEFAULT CHARSET=utf8mb4 COLLATE=utf8mb4_unicode_ci;

--
-- 转存表中的数据 `results`
--

INSERT INTO `results` (`id`, `test_id`, `code`, `title`, `description`, `image_url`, `min_score`, `max_score`, `created_at`, `updated_at`) VALUES
(1, 1, 'A', '独立型：一个人也能把日子过得很好', '你习惯把情绪“消化在心里”，不太喜欢把自己的困惑摊开给所有人看。\n\n在别人眼里，你像一座安静的岛：不吵不闹，有自己的节奏和规则。你会提前查好资料、计划路径、准备备选方案，不是因为多么焦虑，而是因为你讨厌“失控感”。\n\n你并不是不需要别人，而是更希望在靠近之前，先确认对方值得信任。真正走进你世界的人并不多，但一旦认定，你会用非常笃定、务实的方式陪他走很远。', NULL, NULL, NULL, '2025-11-20 01:14:10', '2025-11-20 01:14:10'),
(2, 1, 'B', '浪漫型：用情绪给生活打光的人', '你对世界的感受力，很可能远在平均线之上。\n\n别人路过的一场雨，你能记住雨声的节奏、气味的细节，以及那一刻自己心情的微妙起伏。你很难对“好好生活”这件事敷衍了事——一杯好喝的咖啡、一盏合适的灯光、一句被认真回应的话，都会让你觉得活着值得一点。\n\n你看起来有点敏感、有点多想，但正是这种敏锐，让你更容易发现细小的美好，也更容易在关系里给到别人“被理解”的感觉。', NULL, NULL, NULL, '2025-11-20 01:14:10', '2025-11-20 01:14:10'),
(3, 1, 'C', '理性型：先想清楚，再往前走半步', '你的大脑几乎永远处在“后台运算”状态：遇到问题先拆解，再评估成本和收益，然后选择一个你能接受的解法。\n\n你不太相信所谓的“命运安排”，也不习惯把决定交给情绪。对你来说，安全感来自信息、逻辑和对局面的掌控，而不是一句空洞的安慰话。\n\n在感情和人际关系中，你的迟疑并非冷漠，而是一种负责：你知道任何选择都要付出代价，所以宁可慢一点，也不愿意轻率承诺。久而久之，你会成为别人眼中“特别可靠的那个人”。', NULL, NULL, NULL, '2025-11-20 01:14:10', '2025-11-20 01:14:10'),
(4, 1, 'D', '行动派：边走边改，比想清楚更重要', '你不太喜欢停在原地“想太多”。\n\n在你看来，很多事就是：先试，再调整。等一切都想清楚、准备完全，机会往往已经过去。你对风险有感知，但对不动更有警惕——真正让你不安的不是犯错，而是白白拖延时间。\n\n你身上有一种很难被教出来的生命力：遇到突发情况时，别人还在懵，你已经开始找出口、试方案、拉人一起动起来。你也许不完美，但你永远在路上，这本身就是一种很稀缺的勇气。', NULL, NULL, NULL, '2025-11-20 01:14:10', '2025-11-20 01:14:10'),
(5, 2, 'A', '直觉型：心里有事会马上表达出来', '你的情绪流动很快，并且你不太习惯忍着。\n\n你在关系里通常是率真的那个：开心会分享，不开心会直接说。别人从你身上能感受到“透明感”。\n\n你希望关系是及时、真诚、随时可以靠近的。对你来说，有话不说才让你觉得危险。', NULL, NULL, NULL, '2025-11-20 02:25:34', '2025-11-20 02:25:34'),
(6, 2, 'B', '依恋型：渴望被理解，也害怕被忽略', '你对关系的敏感度很高，你能迅速察觉情绪的变化，但也更容易不安。\n\n你渴望被回应、被理解、被认真看见。你的表达往往带着一种“靠近的愿望”，但也容易在得不到回应时感到失落。\n\n这不是矫情，是你对亲密关系的期待深刻而认真。', NULL, NULL, NULL, '2025-11-20 02:25:34', '2025-11-20 02:25:34'),
(7, 2, 'C', '独立型：习惯先照顾自己，再决定是否表达', '你并不是不需要爱，而是更习惯依靠自己解决情绪。\n\n你会把心整理好，再决定要不要说。你表达情绪通常是“延迟式”的，不是因为冷，而是因为你需要时间处理自己。\n\n对你来说，不麻烦别人 = 一种体面与自我保护。', NULL, NULL, NULL, '2025-11-20 02:25:34', '2025-11-20 02:25:34'),
(8, 2, 'D', '隐藏型：越在乎的人面前越沉默', '你表达情绪的方式是“藏”。\n\n不是没感觉，只是太多感觉说不出口。你害怕暴露脆弱、害怕给别人带来负担，也害怕被看穿。\n\n你是那种“越重要越沉默”的类型，一旦被真正理解，你会变得非常稳定、深情。', NULL, NULL, NULL, '2025-11-20 02:25:34', '2025-11-20 02:25:34'),
(13, 3, 'IR', '冷静型（Thinking Introvert）', '你安静、冷静、观察力强，不喜欢被情绪淹没。你理解<font color=\"#fbbf24\">力很</font>强，习惯先思考再行动，是关系里最稳定的那类人。！😍', '', NULL, NULL, '2025-11-20 02:47:05', '2025-11-23 11:58:33'),
(14, 3, 'IF', '敏感型（Sensitive Introvert）', '你内敛、细腻、共情力强。你感受力远超常人，会在很小的细节里捕捉情绪变化，需要安全空间来安放你的敏感。！', '', NULL, NULL, '2025-11-20 02:47:05', '2025-11-23 11:58:14'),
(15, 3, 'ER', '主导型（Leading Extrovert）', '你外向、决断、执行力强。你习惯站到一件事的前线，把事情往前推进，是团队里的“发动机”。！', '', NULL, NULL, '2025-11-20 02:47:05', '2025-11-23 11:58:17'),
(16, 3, 'EF', '社交型（Emotional Extrovert）', '你热情、有感染力、情绪张力十足。你擅长点燃氛围、连接人群，渴望在互动中感到自己被需要、被看见。！', '', NULL, NULL, '2025-11-20 02:47:05', '2025-11-23 11:58:20'),
(25, 6, 'A', '🌞 社交满格 · 你是今天的氛围担当!', '你今天的社交电量几乎是满格。和人待在一起对你来说不是消耗，反而像是某种“充电模式”。你愿意倾听，也乐于表达，很擅长营造轻松的聊天氛围。\r\n\r\n但要小心的一点是：有时候别人看不出你的累，只会觉得“你永远在线”。偶尔停一停、关一下手机、留一点时间只给自己，也是一种能力。真正长期的社交关系，不是一直热闹，而是允许彼此退场。', '', 17.00, 20.00, '2025-11-20 13:42:51', '2025-11-21 04:50:58'),
(26, 6, 'B', '🌤️ 社交适中 · 你懂得拿捏分寸', '你的社交电量大致处在一个“刚刚好”的区间。你既不会刻意逃避人群，也不太会把自己逼到极度疲惫。\r\n\r\n你很清楚：有些局是为了关系，有些局只是为了填补空白。所以你会挑选——挑舒服的关系，挑聊得来的人。\r\n\r\n你可以尝试的，是更直接地告诉别人：“我今天有点累，我们改天聊，好吗？”比起礼貌强撑，真诚说出自己的电量状态，更容易遇到真正懂你的人。!', '', 13.00, 16.00, '2025-11-20 13:42:51', '2025-11-21 04:51:01'),
(27, 6, 'C', '🌥️ 社交偏低 · 你在靠意志力撑场面', '你的社交电量正在往低处滑，更多时候，你是靠责任感和礼貌在支撑互动。\r\n\r\n你会回应，会配合，会点头微笑，但真正让你感到轻松、可以放下防备的聊天，并不算多。\r\n\r\n你可能需要的是——把“可以拒绝”写进自己的人生选项里：不用对每一次邀约都负责，不用对每一条消息都秒回。当你学会把精力从“维持关系”，转向“照顾自己”，你会发现，留下来的那部分关系，才是值得你花电量的。', '', 9.00, 12.00, '2025-11-20 13:42:51', '2025-11-21 04:50:50'),
(28, 6, 'D', '🌑 电量告急 · 请马上进入“自救模式”', '你现在的社交电量已经接近“红色预警”。你可能最近经历了很多：工作、情绪、家人、关系……所有的事情都在你身上挤了一遍，你却很少真正说出口。\n\n你不是不想联系别人，而是已经累到连“表达自己”都变成负担。这时候，你最需要做的不是再去努力维持谁，而是先停下来维持自己：\n\n· 允许自己短暂消失几天\n· 找一个不会评判你的人，只讲一点点心里的真实\n· 或者干脆关掉所有聊天框，只做一件最简单的小事：吃饭、睡觉、走路\n\n记住：那些真正爱你的人，关注的不是你今天有没有回消息，而是你，还有没有好好照顾自己。', NULL, 5.00, 8.00, '2025-11-20 13:42:51', '2025-11-20 13:53:31'),
(29, 7, 'QUIET_GLOW', '安静发光型 Quiet Glow', '你不是那种一进场就要抢镜头的人，但你有一种很耐看的存在感。你习惯先观察再参与，不喜欢无意义的喧闹，却能在关键时刻说出一句很戳心的话。在别人眼里，你安静、稳、深，有点神秘。越熟悉你，越能发现你的小细节、小体贴和小聪明。你的吸引力来自深度和克制，是那种慢慢看才会爱上的类型。', '', NULL, NULL, '2025-11-21 05:59:06', '2025-11-21 07:15:59'),
(30, 7, 'SOFT_WARMTH', '温柔治愈型 Soft Warmth', '你身上自带一种“让人松一口气”的氛围。别人跟你在一起，不需要很用力表现自己，也不用担心被评判。你会照顾别人的情绪，会听，也会适度回应，你不一定话多，但你给到的每一句话都刚刚好。你的吸引力来自温柔、共情和稳定，是那种很适合长期相处、越靠近越离不开的类型。', NULL, NULL, NULL, '2025-11-21 05:59:06', '2025-11-21 05:59:06'),
(31, 7, 'SHARP_EDGE', '自信锋芒型 Sharp Edge', '你走到哪里，存在感往往都不低。你有决断力、行动力，也敢表达自己，不太害怕冲突，更不喜欢拖泥带水。在别人眼里，你是有魄力、有掌控感的人，很适合在关键时刻站出来扛事。你的吸引力来自锋芒和力量感，是那种会被人暗暗依赖、同时又带着一点危险气质的类型。', NULL, NULL, NULL, '2025-11-21 05:59:06', '2025-11-21 05:59:06'),
(32, 7, 'CHAOTIC_FUN', '混乱有趣型 Chaotic Fun', '你可能不是最稳定的那一个，但几乎一定是最有趣的那一个。你脑洞大、反应快，说话经常出其不意，会用玩笑和反差化解很多尴尬场面。在别人眼里，你有点疯、有点不按牌理出牌，却很真实，很难被复制。你的吸引力来自幽默感、生命力和不确定性，是那种想到你就会笑一下的类型。', NULL, NULL, NULL, '2025-11-21 05:59:06', '2025-11-21 05:59:06'),
(33, 7, 'CALM_MAGNETIC', '深情克制型 Calm Magnetic', '你不太会把情绪铺在脸上，也不喜欢过度表演自己。你对关系有自己的节奏和标准，外表冷一点，内心却很细腻，很记得别人无意间说的话。你愿意花时间去理解一个人，但不一定愿意立刻说出口。你的吸引力来自深情、理性和隐忍，是那种不吵不闹、却让人总是想起的类型。', NULL, NULL, NULL, '2025-11-21 05:59:06', '2025-11-21 05:59:06'),
(39, 12, 'DREAMY_CAT', '独行梦境猫 Dreamy Cat', '你的灵魂动物是一只猫。不是那种到处蹭人、到处撒娇的小猫，而是那种有自己路线、有自己日程表的猫。你需要足够的个人空间来维持清醒和安全感，不喜欢被人随意闯入生活，更不喜欢被情绪勒索。你外表看起来有点冷淡或不好接近，但熟悉你的人知道，你并不是没感情，只是表达和投入都有自己的节奏。\r\n你给人的吸引力在于“独特的世界感”：你有自己的一套审美、习惯和原则，不会为了合群而扭曲自己。和你熟起来的人会发现，你的分享既真诚又挑剔，不是人人都能拿到的。优点是有边界、有自我、能独立生活；缺点是容易被误解为疏离、难靠近，也会在不安全时本能后退，错过一些可能的关系。', '', NULL, NULL, '2025-11-21 11:41:20', '2025-11-22 03:30:19'),
(40, 12, 'LOYAL_DOG', '热情守护犬 Loyal Dog', '你的灵魂动物是一只狗。你也许不是真的天天很开心，但你会为了重要的人用力热情。你记得别人的小习惯、小喜好，也愿意为了照顾别人稍微迁就自己一点。你重视的是“在”和“久”：平常可以不用说太多煽情的话，但有事你一定会出现，有难你一定会帮忙。\n你给人的吸引力是“被坚定地站在那边”的感觉——很多人会觉得和你在一起有安全感、有靠得住的实感。你身上有人味、烟火气和可靠感。优点是重情重义、有责任感；缺点是容易心太软，过度付出，最后发现自己反而是最被忽略的那个。有时候，你也需要学会收回一点忠诚，把那份守护分给自己。', NULL, NULL, NULL, '2025-11-21 11:41:20', '2025-11-21 11:41:20'),
(41, 12, 'CLEVER_FOX', '机智野狐 Clever Fox', '你的灵魂动物是一只狐狸。你聪明、反应快，有时候甚至有点狡黠。你不太喜欢一成不变的生活，会本能地去寻找新路线、新故事、新可能。你对人和事都有自己的判断，能迅速发现问题、找到突破口，所以常常成为群体里“有办法”的那一个。\n你给人的吸引力是一种“跟你在一起，生活会变得更好玩、事情不再无解”的感觉。你会在边缘处活动，不太喜欢被牢牢框住，也不愿意被人看死。优点是灵活、有主意、有行动力；缺点是有时显得不安定、耐心不足，也容易被贴上“不够靠谱”的标签。你需要学会的，是在聪明之外，也允许自己偶尔慢一点、笨一点，那样你会活得更松弛。', NULL, NULL, NULL, '2025-11-21 11:41:20', '2025-11-21 11:41:20'),
(42, 12, 'GENTLE_DEER', '温柔林间鹿 Gentle Deer', '你的灵魂动物是一只小鹿。你对于情绪、气氛和细节都非常敏感，能捕捉到别人脸色和语气的细微变化。你不喜欢冲突，更愿意用温和的方式与世界相处。你在意美感：环境舒不舒服、关系漂不漂亮、话说得好不好听，这些都会影响你的状态。\n你给人的吸引力是一种“轻轻靠近就能安心”的氛围，你不会用力压迫别人，而是让人放松地做自己。优点是共情力强、体贴、细腻，有审美和情绪的双重敏感；缺点是容易过度在意别人的眼光，也容易被环境的坏情绪拖下水。你有时候会把“不开心”吞下去，换成一句“没事啦”，其实心里受了不小的伤。请记得：你可以站在森林里，不必见到每一个猎人都点头。', NULL, NULL, NULL, '2025-11-21 11:41:20', '2025-11-21 11:41:20'),
(43, 12, 'WISE_OWL', '冷静夜行鸮 Wise Owl', '你的灵魂动物是一只猫头鹰。你不一定外表安静，但你的思维像夜晚的光，总在别人看不清的时候开灯。你习惯在心里做很多观察和判断，不轻易下结论，也不轻易表态。一旦开口，往往是一针见血。你对信息、细节和逻辑都很敏锐，在别人只看到表象的地方，你已经在分析底层原因。\n你给人的吸引力是一种“和你在一起，会变得更清醒”的感觉。你可以同时理解别人的情绪，又指出事情的结构问题。优点是理性、稳定、有洞察力；缺点是容易想太多、说太少，甚至在关系中显得若即若离，让在乎你的人有点不安。你需要学会的是：不是所有感受都要审核过才能说出口，有些柔软如果错过当下，就不会再回来了。', NULL, NULL, NULL, '2025-11-21 11:41:20', '2025-11-21 11:41:20'),
(44, 13, 'CAT', '你更偏向「猫系灵魂」', '安静、自洽、享受独处。你不排斥亲近，<font color=\"#ef4444\">但你更加需要空间</font>、~需要可控的靠近方式。你在关系中不是冷漠，而是习惯先照顾好自己，再慢慢信任别人。📚', '', NULL, NULL, '2025-11-22 04:12:42', '2025-11-23 12:20:00'),
(45, 13, 'DOG', '你更偏向「狗系灵魂」', '热情、外向、喜欢连接感。你在关系中坦诚直接，不喜欢若即若离。你愿意依赖别人，也希望得到回应和陪伴。', NULL, NULL, NULL, '2025-11-22 04:12:42', '2025-11-22 04:12:42'),
(46, 14, 'R1', '你的心理年龄大约在 15–20 岁', '你的心理年龄偏年轻，代表你的内心仍然保有青春期到青年初期的那种鲜活感。你对世界还有很强的好奇心，对“新鲜”“刺激”“好玩”的事物有天然的吸引力。生活在你眼里不该只是账单、KPI 和压力，而应该有足够多的第一次、有点冲动的决定和说走就走的瞬间。你更看重的是此刻感受，而不是五年后的收益，你会觉得：如果连当下也不能开心，那规划那么久有什么意义。你身上有一种难得的“敢”，敢喜欢、敢不喜欢、敢说“不想”，也敢在很多人选择妥协的时候，坚持做自己。这种年轻不是幼稚，而是一种对生活仍有信任的姿态：你愿意相信下一段友情、下一次旅行、下一份机会会带来改变，你愿意为此再试一次。\n不过，这份年轻感也有它的代价。有时你容易缺乏耐心，面对长期任务、重复工作或者看不到立刻反馈的事情，会感到枯燥甚至抗拒；你可能不太擅长长期规划，觉得“计划赶不上变化”，于是干脆把一切交给“到时候再说”；在压力大的时候，你会本能地选择回避，刷手机、找乐子、分散注意，而不是直接解决问题，这会让某些问题在无形中越积越大。你的内心很真实，但也容易被情绪牵着走，忽略了“情绪之后”的现实层面。\n你需要的不是丢掉年轻，而是在年轻的外壳里，慢慢长出一点稳固的骨架。试着为自己设定一些小而具体的目标，比如存下一笔钱、完成一个长期项目、坚持一个习惯，把“我想要”的热情，变成“我坚持下去”的力量。当你学会把冲动和热情用在更长线的事情上，你会发现，你比同龄人多了一种特别的魅力：既有孩子般的眼睛，又有大人般的选择。\n所以，当你看到“15–20 岁”这个数字时，不必觉得自己“不够成熟”。它只是说明，你还在探索的路上，还保留着别人已经丢掉的那部分勇气和好奇，只要你愿意为自己的人生多负一点责，这份年轻会成为你一生的礼物，而不是阻碍。', 18.00, 30.00, '2025-11-24 08:52:59', '2025-11-24 08:52:59'),
(47, 14, 'R2', '你的心理年龄大约在 21–25 岁', '你的心理年龄正处在“成长”和“自我探索”的中间地带。你已经感受到了现实的重量，比如经济压力、人际边界、时间成本这些话题，不再只是父母或老师提起的名词，而是真实落在你身上的东西。但与此同时，你依旧保留了相当可贵的热情和理想感。你明白“生活不容易”，却仍然愿意问一句：“那我还能怎样把它活得更好看一点？”\n在这个心理年龄阶段，你既想要稳定，又不甘于完全安定；你一边知道“不能再随便了”，一边还想给自己多一点试错空间。你会认真思考职业路径、城市选择、关系质量，但也会在某些夜晚突然想到：要不要再做点疯狂的事？你在塑造自己的同时，也在不断修正自己过去的认知和期待，这正是 21–25 岁心理年龄的典型特征：你处在“定型”和“突破定型”的拉扯中。\n你的一大优势，是具备恢复力和调整力。你会难过、会失望、会掉进情绪的坑里，但你往往能在一段时间后重新站起，带着一点新的理解继续出发。这说明你的心理韧性正在长成，你开始懂得：跌倒是过程，不是结局。而你的挑战在于，有时你会顾虑太多，明白了太多道理，反而难以踩下第一步；你可能在“我要有所作为”和“算了就这样吧”之间来回摇摆，这种摇摆会让你疲惫。\n对于你来说，最重要的不是立刻成为“非常成熟的大人”，而是逐渐学会为自己的决定负责。你可以任性，但最好是带着一点清醒的任性；你可以迷茫，但不要在同一个地方原地打转太久。试着让自己多做几次“明知有风险，但仍然愿意认真准备后再出手”的选择，你会发现自己比想象中有能力。\n当报告告诉你：你的心理年龄大约在 21–25 岁，这并不是在给你时间盖章，而是在提醒你——你正处在人生中极为宝贵的一段热身期。你已经看见了现实的轮廓，却仍拥有改变自己轨迹的自由。只要你不轻易放弃对成长的渴望，你就能把这段心理年龄，变成今后很多年回想起来都很骄傲的一段时光。', 31.00, 40.00, '2025-11-24 08:52:59', '2025-11-24 08:52:59'),
(48, 14, 'R3', '你的心理年龄大约在 26–30 岁', '你的心理年龄已经进入了青春和成熟的交界地带。你开始越来越清楚地意识到：生活不只是“好不好玩”，而是“值不值得”。你会考虑工作的长期发展、关系的稳定性、生活方式的可持续，而不再只关注一时的情绪高低。你在慢慢学会给自己“做减法”：少一些无效社交，多一些真正有意义的投入；少一点表面上的热闹，多一点内心里的踏实。\n在你身上，可以看到两股力量同时存在。一股是来自少年时期的热情、浪漫和不服气：你仍然相信改变与可能性，仍然愿意为喜欢的人、喜欢的事多走几步。另一股则是来自未来感的理性与责任：你知道不能再随便说“重来就好”，你开始懂得每一个决定背后，都有看不见的成本和代价。这种“拉扯感”，是 26–30 岁心理年龄很典型的状态：你既不想做一个完全现实的大人，也不想继续当一个不负责任的小孩。\n你的优点在于：你已经学会在很多时候稳住情绪。你不会因为一次否定就全盘崩塌，也不会因为一点挫折就放弃一切。你懂得在关系中沟通，而不是用冷战或逃避去处理问题；你在工作中会考虑整体，而不仅仅是“我舒不舒服”；你越来越有能力把生活经营成一个体系，而不是一堆碎片。这说明，你的心理已经在为下一阶段的成熟打基础。\n但你的内心，难免会有一些“隐形的疲惫”。你有时会突然觉得：自己被现实推着走了太久；也可能会在夜深时怀疑：“我现在走的这条路，真的是我想要的吗？”你开始问一些更深的问题，比如：什么叫成功？我到底想过怎样的人生？有时候，这些问题会让你陷入短暂的迷茫。\n实际上，当报告告诉你：你的心理年龄大约在 26–30 岁，这既是一种确认，也是一种邀请。它确认了你的成长：你已经不再是那个只会向前冲的自己；也向你发出邀请：在变得更稳的同时，不要抹掉你心里那一点点不合时宜的浪漫和倔强。真正动人的成熟，不是把自己磨成一块石头，而是在经历很多之后，还能保持清醒地温柔，坚定地前行。', 41.00, 50.00, '2025-11-24 08:52:59', '2025-11-24 08:52:59'),
(49, 14, 'R4', '你的心理年龄大约在 31–35 岁', '你的心理年龄已经从生活里长出了明显的厚度。你不再轻易被一时的情绪推着走，也不会因为别人的评价就彻底动摇。你开始更关注“长期”和“整体”，更愿意问自己：这件事的意义在哪里，它会把我带向怎样的方向，而不仅仅是“当下爽不爽”。在别人眼中，你身上那种稳定感和可靠度，往往比同龄人高出一截。\n你对关系的理解，也不再停留在“感觉好就行”的层面。你会留意一个人是否真正尊重你，是否有能力和你共同面对生活的重量，而不仅仅是会不会说好听的话。你愿意为重要的人付出，但不会再像从前那样用“透支自己”的方式去证明爱；你开始学会在亲密关系中设立边界，知道“为别人负责”和“为自己负责”从来不冲突。你的心已经不那么容易被外界拉走，却仍然保留着共情和温柔。\n工作与生活中，你逐渐形成了一套自己的判断系统。你不再盲目追随所谓的成功模板，而是更清楚自己在意什么：有人更重视稳定，有人更重视成就，有人更重视自由。你会做取舍，并能为自己的取舍负责。你知道，世上没有完全完美的选择，只有更适合当下的你和你想成为的人。在这一点上，你已经明显区别于心理年龄更年轻的阶段——你不再把生活看成一场“我应该拥有一切”的游戏，而是更愿意问：什么是真正值得我守护的？\n当然，这份成熟也带来一些隐形的压力。有时候，你会感到一种说不清的疲惫：事情看得多了，热情难免会被消耗；你可能会羡慕那些“什么都敢试一试”的年轻人，但又清楚自己已经回不到那种不顾一切的状态。你会偶尔怀疑：是不是我对自己太严格了，是不是我早就习惯了“先考虑别人，再考虑自己”？\n当测验告诉你：你的心理年龄大约在 31–35 岁，它既是在肯定你的成熟度，也是在温柔提醒你：可以适当放松一点要求。你已经证明了自己足够稳、足够负责，现在可以试着为自己多争取一点轻松和快乐。允许自己偶尔不那么理性，允许生活里存在一些“无用的开心”，会让你的成熟变成一种柔软的力量，而不是一副必须时时扛着的铠甲。你不再追求全部，只追求值得，这本身就是一种极高等级的清醒。', 51.00, 60.00, '2025-11-24 08:52:59', '2025-11-24 08:52:59'),
(50, 14, 'R5', '你的心理年龄大约在 36–45 岁', '你的心理年龄比大多数人更加成熟，你已经从许多经历中抽离出了自己的判断与节奏。你不像二十出头时那样执着于“我要证明什么”，也不像刚迈入社会时那样急于抓住每一个机会。你更清楚地知道：不是所有事情都值得追，不是所有人都值得留，不是所有情绪都值得放大。你更擅长把时间和精力使用在真正有价值的地方。\n你对自己和他人都有较深的理解。你知道每个人都有局限，也知道关系无法完美无缺，因此你较少用“非黑即白”的标准评价他人。你在冲突中不再只看立场，而会看背景、处境与长远后果，这使得你在复杂环境里，反而更能保持内心的稳定。你的成熟并不是刀子般的犀利，而是一种带着温度的通透：你看见人性的脆弱，却并不急着下结论。\n你在面对压力和不确定性时，往往展现出很强的承受力。你不会轻易被突发事件打乱节奏，不会被一两次失败摧毁信心。你更倾向于调整策略，而不是放弃道路。你知道，真正重要的改变往往是缓慢的，所以你愿意在不那么显眼的地方持续投入。你可能已经学会在工作之外，为自己保留稳定的“能量来源”：阅读、运动、手作、旅行、陪伴重要的人，这些都会成为你心理韧性的补给站。\n这种心理年龄的另一面，是你可能会觉得自己“看得太清楚”，因此对很多事情激情不再那么强烈。有时你会怀念年少时那种不顾一切的冲动，但你也清楚，当下的你已经不可能再用同样的方式生活。当你看到别人冲动、极端或盲目，你会理解他们的阶段，同时也更珍惜自己现在的稳重与自在。\n当测验告诉你：你的心理年龄大约在 36–45 岁，并不是在暗示你“老了”，而是在说明你已经拥有了一定程度的内在成熟度。真正要注意的，也许只是一件事：在保持清醒和稳重的同时，不要完全放弃对生活的好奇和对新鲜事物的开放。适度给自己安排一点小小的冒险、一点不那么功利的兴趣，一点与结果无关的快乐，会让你的成熟不再只是“承受”，而是一种优雅的选择。成熟不是变得冷硬，而是知道什么时候该用力，什么时候可以温柔地放过自己。', 61.00, 72.00, '2025-11-24 08:52:59', '2025-11-24 08:52:59'),
(51, 15, 'SOLDIER', '你的主原型是士兵', '你是现实世界里的铁脊梁，天生适合站在风口浪尖的位置。别人还在犹豫要不要行动时，你已经披甲上阵；别人忙着解释和抱怨时，你已经开始解决问题。你相信行动胜于空谈，相信“扛得住”就是最硬的铠甲。很多时候你并不善于说漂亮话，却总能在最关键的时候出现，在别人快要撑不住的时候顶上去。你是那种不轻易说“累”，也不轻易说“怕”的人。\n\n在你心里，价值往往等同于“有用”。只要能帮到别人、能守住阵地、能把事情扛过去，你就觉得这一切值得。你习惯把自己的感受排在最后，让责任、任务、承诺排在最前。在团队中，你是别人心里那张“不会倒的牌”；在关系里，你是那堵看起来永远稳固的墙。\n\n但这份力量，也有它的代价。你太习惯一个人扛了，以至于很难开口求助。你对自己的要求远高于对他人的要求，常常默默承受压力，把所有委屈和疲惫藏在盔甲里面。你可能会不自觉地把“被需要”当成存在的证明，一旦有一段时间无人需要你、无人依赖你，你反而会感到迷茫——好像失去了自己的位置。\n\n你在亲密关系里，往往用守护代替表达。你会记住对方需要的时候，帮对方挡掉麻烦、处理现实问题，却不一定会把“我在乎你”这几个字说出口。但是，爱你的人有时候需要的不只是被保护，还需要被看见、被理解、被回应。你的温柔被包裹在责任感下面，只有少数人有机会摸到那一层柔软。\n\n真正的成长，不是变得更硬，而是学会在该卸下盔甲的时候，允许自己也只是一个普通的人——会累、会害怕，也可以依靠别人。当你学会不再把“牺牲自己”当成默认选项，你的力量就会变得更加纯粹：不是被消耗，而是被自由地使用。\n\n你是士兵，但不是任何人的工具。你是拿着武器的人，也是有心、有伤、有故事的人。', NULL, 0.00, 0.00, '2025-11-24 09:46:21', '2025-11-24 09:46:21'),
(52, 15, 'POET', '你的主原型是诗人', '你是感受世界的人。别人看到的是一件事，而你看到的是一整个故事；别人听到的是一句话，而你听到的是那句话背后没说出口的情绪。你对细节极其敏感，对气氛极其敏锐。房间里气压的变化、一个人眼神的闪躲、聊天里突然的停顿，你都能察觉到，并在心里写下注解。\n\n你的灵魂好像一直拿着一支笔，一台相机，或者一把琴。你擅长把抽象的感受变成具象的表达，把别人说不清的东西讲出来、画出来、写出来。你相信情绪不是麻烦，而是一种信号；你相信痛苦不是浪费，而是可以被酿成作品、被翻译成意义的东西。你的存在，让世界多了一层“感觉的维度”。\n\n但也正因为你感受得多，你也更容易被情绪淹没。你会因为一句无心的话难过很久，会因为一段关系里的细微变化反复猜测。你不怕深刻的情绪，害怕的是：没有人愿意和你一起面对那些深刻。你不是不坚强，你只是太清楚每一种情绪的重量，于是比别人更难“装作没事”。\n\n在亲密关系里，你追求灵魂的靠近。你希望对方不仅知道你喜欢什么、讨厌什么，更能明白你为什么会这样想、这样感受。你愿意为爱投入极大的耐心和想象力，会记得很多别人早就忘掉的细节，也会在夜深人静的时候替对方整理情绪。但当这种深度没有得到回应时，你会非常沮丧，甚至开始怀疑自己是不是太敏感、太“难相处”。\n\n你的阴影面在于，你有时会把情绪当成全部的真相。当情绪拉起一面黑幕，你眼里只剩下阴影，很难看见有人正在向你递出光。你需要学会的不是否定感受，而是在感受汹涌而来时，为自己造一条回到陆地的路——比如建立一些稳定的日常、一些能让你抽离的节奏，让心不会一直悬在半空。\n\n你是诗人，不一定要成为多么“伟大”的艺术家，你已经在用你的方式，把世界变得更有温度。当你不再把自己的敏感当成缺陷，而当成一种稀有的能力时，你会发现：你不是脆弱，而是比别人更诚实地活着。', NULL, 0.00, 0.00, '2025-11-24 09:46:21', '2025-11-24 09:46:21'),
(53, 15, 'KING', '你的主原型是国王', '你生来就带着一种“站在高处看局面”的气质。你不满足于只是把一件事做好，而是想知道这件事在更大的版图上意味着什么。你习惯从全局出发思考问题，喜欢制定方向、分配资源、设定规则。对你来说，权力并不是炫耀用的装饰，而是一种让世界稍微更有秩序的工具。\n\n你走进一个场合，哪怕一句话不说，也能自然成为别人下意识关注的对象。你擅长做决定，更擅长承担决定的后果。当所有人都在犹豫、观望、退缩时，你会站出来说：“这样做。”那一刻，你不是在争位子，而是在接过沉甸甸的责任。\n\n你的存在，会给身边的人带来安全感——因为你看得比别人远，也想得比别人多。你会为团队、为家人、为伴侣规划道路，会在混乱时维持秩序，在迷茫时给出选项。你是天生的组织者、掌舵者、定盘星。\n\n但王冠很重，而你有时太习惯独自承重。你希望一切在掌控之中，不允许太多不确定，更不愿意承认自己也会害怕。当局势失控，你容易对自己极度苛刻：明明已经做得足够多，却还是不断反问自己“是不是我不够好”“是不是我决策失误”。你对自己从来比对任何人都严格。\n\n在亲密关系里，你会是那个“撑住生活”的人：你愿意负责，愿意给对方安全感，愿意替对方挡掉很多现实的风雨。但同时，你不太习惯示弱，也很难完全放下防备让对方看见你最脆弱的一面。久而久之，爱你的人会误以为你什么都不怕、什么都能扛，却不知道你的孤独感往往也比他们更深、更安静。\n\n真正成熟的国王，不是把所有事情都控制在手里，而是知道何时可以交托、何时可以信任、何时可以允许混乱存在。当你学会允许世界不完全听你的，当你愿意在某些时刻摘下王冠、把自己当成一个普通人，你的权威反而会变得更柔软、更有力量。\n\n你是国王，但不需要时时刻刻站在王座上。你同样有资格休息、有资格迷茫、有资格被别人保护。当你允许自己从“只有我能”的幻觉中走出来，你会发现：你不只是一个掌控局面的人，你也是一个值得被温柔对待的人。', NULL, 0.00, 0.00, '2025-11-24 09:46:21', '2025-11-24 09:46:21'),
(54, 16, 'TIGER', '老虎 · 领地掌控者', '你的主导灵魂动物，是在丛林里睁着金色眼睛的老虎。你天生对「局面」很敏感，习惯先看清形势，再决定自己站在哪里。别人还在犹豫要不要行动的时候，你已经开始设定目标、规划路线，并下意识地走到更靠前的位置。你尊重力量，也愿意成为力量的来源——在团队中，你常常是那个临危不乱、扛起责任的人。\n\n老虎型的人，骨子里带着一种“我来处理”的气质。重要的事情到了你手上，你宁可辛苦一点，也不会轻易放任它烂尾。你不太擅长示弱，更习惯把焦虑压在心里，用执行和结果来证明自己。你对效率、规则、秩序有自己的理解，不喜欢被无能和拖延牵着走。对你来说，被需要是一种价值感，被信任是一种荣耀。\n\n但老虎的力量背后，也藏着自己的脆弱。你有时会把“掌控”当成安全感的唯一来源，一旦事情失控，就会开始过度自责，甚至对自己特别苛刻。你也可能在不知不觉中把标准套在他人身上，期待别人像你一样有担当、有执行力，结果换来的是失望和疲惫。你的疲惫，很多时候来自于：你总觉得，如果你不顶上来，事情就会垮掉。\n\n在亲密关系里，你往往是那个“撑住生活”的人。你会负责、会规划、会替对方挡风遮雨，却不一定愿意承认自己也会怕、也会需要被照顾。真正的成熟老虎，不是永远站在最前面，而是知道什么时候可以把盔甲脱下来，承认自己也只是一个普通人——可以休息，可以犯错，也可以倚靠别人。当你学会在坚定之外，多一点柔软，你的领导力会变得更有人味；而你身边的人，也会更有机会真正靠近你。\n\n如果你的副原型是狼，你会更在意团队与群体的命运；如果是狐狸，你会在强势之外多一份策略感和洞察力。无论怎样，请记得：你不是只能做“那个最强的人”，你也有权利，只做自己。', NULL, 0.00, 0.00, '2025-11-24 22:46:43', '2025-11-24 22:46:43'),
(55, 16, 'FOX', '狐狸 · 静默策士', '你的灵魂动物，是在灌木丛里安静观察世界的狐狸。你看起来也许温和、低调，甚至有点“事不多说”的感觉，但你的内心一直在运转。你习惯先观察，再出手；先看清谁可靠、谁虚伪，再决定要不要靠近。你不喜欢把自己丢进混乱的局面，更愿意用信息、判断力和策略，保护好自己的人生节奏。\n\n狐狸型的人，大多头脑清醒，对人性有现实主义的一面。你能看见话背后的话、表情背后的情绪，同时也清楚许多关系只是阶段性的互相利用，这让你在很多场合显得格外冷静。你不一定爱表现自己，但你常常是那个最明白发生了什么的人。你更在意的是：怎么用有限的资源，换取最大的主动权。\n\n但这种清醒，有时也会让你变得孤独。你不轻易全盘信任谁，也不喜欢把自己的脆弱完全交出去。你下意识地保持一点距离，给自己留后路。这让你很安全，却也可能错过一些真诚、笨拙、但真实的人。你不是没有感情，只是你习惯先用理智做一层筛选，再决定投入的深度。久而久之，你可能会怀疑：到底是世界太复杂，还是自己太防备？\n\n在亲密关系中，你需要的是那种既不侵入、又足够稳定的陪伴。你会为对方提供现实的建议、清醒的分析，也愿意在安全的环境下，慢慢打开自己柔软的一面。你不喜欢被人控制，也不喜欢被情绪裹挟，你想要的是：彼此尊重边界，又能一起对抗外部世界的那种关系。\n\n如果你的副原型是猫，你会更加重视自由与个人空间；如果是老虎，你会在冷静观察之外，多一份行动力和主导欲。请记得：你不需要永远站在幕后，也可以在足够信任的场域里，让别人看看，你其实也会认真、热烈、甚至有点幼稚地去爱。', NULL, 0.00, 0.00, '2025-11-24 22:46:43', '2025-11-24 22:46:43'),
(56, 16, 'PANDA', '熊猫 · 温柔守护者', '你的灵魂动物，是那只慢悠悠却让人靠近就安心的熊猫。你身上有一种天然的“缓冲力”，可以把很多情绪的棱角磨圆。跟你在一起的人，往往会觉得：可以放下紧绷，可以不用伪装成一个完美的成年人。你在意别人的感受，能感知到别人细微的情绪波动，也愿意花时间去安抚、去陪伴、去倾听。\n\n熊猫型的人，通常不喜欢争抢“第一”，也不执着于权力带来的成就感。你更重视的是关系的温度、相处的舒服程度，以及自己的内心有没有被妥善安放。你愿意多走一步去包容别人，也愿意在场景需要的时候，把自己变成一块柔软的垫子，让别人跌落时不会那么痛。这种温柔，不是软弱，而是一种缓慢而有韧性的力量。\n\n但你也会有被误解的时刻——有人会把你的体贴当成理所当然，把你的退一步当成“好说话”。当你多次选择忍让，你的情绪会像被悄悄堆在角落的被子，柔软，但越来越重。你慢慢学会少说一些，笑着说“没关系”，但心里清楚，那些“没关系”其实一早就有了界限。你怕冲突，但你更怕的是：自己不再温柔。\n\n在亲密关系中，你是很愿意付出的人，会记住对方的细枝末节，愿意调整自己的节奏，配合对方的情绪波动。但你真正需要的，是一个也愿意照顾你的人，是一段你不需要一直扮演“情绪垃圾桶”的关系。当有人愿意听你说、问你累不累、而不是只享受你的耐心时，你的那只熊猫才会真正放下戒心，躺在草地上打滚。\n\n如果你的副原型是海豚，你会在温柔之外，多一份活泼与表达；如果是乌龟，你会更重视长期稳定与现实安全。请记得：温柔不是让自己消失，而是在照顾别人的同时，也允许自己被好好抱一下。', NULL, 0.00, 0.00, '2025-11-24 22:46:43', '2025-11-24 22:46:43'),
(57, 16, 'DOLPHIN', '海豚 · 快乐连接者', '你的灵魂动物，是在海面上腾跃、总能带来笑声的海豚。你天生带着一种“让气氛变轻”的能力，可以在尴尬的场合抛出一个玩笑，在低气压的环境里，点亮一点人情味。你对社交并不只是热闹，更在意人与人之间那种真实的连接——你喜欢看到别人放松下来，喜欢那种一起大笑、一起吐槽、一起熬夜聊天的亲密感。\n\n海豚型的人，往往情绪感知力很高。你很快就能知道谁状态不好，也知道怎样的玩笑会让人舒服，而不是更刺痛对方。你不太喜欢冷冰冰的逻辑至上，更相信氛围、信任感和情绪流动的力量。对你来说，“在一起感觉好不好”，比“条件合不合理”更重要。你愿意成为那条在关系之间穿梭的小船，帮不同的人建立连接。\n\n但因为你太会照顾别人的感受，你有时容易忽略自己。你不想扫兴，不想当刺破气氛的那个人，于是把不开心悄悄吞下去，用“没事啦”“我还好”把很多委屈盖过去。久而久之，别人记住了你带来的快乐，却不一定记得问一句：你呢？你真的好吗？\n\n在亲密关系里，你渴望的是可以一起玩、一起疯，也可以一起在深夜谈心的人。你不喜欢那种只有责任、没有笑点的互动，也不喜欢长久被当成“开心果”。你希望被当成一个完整的人——有情绪、有疲惫、有需要被拥抱的时刻。当有人愿意为你调整节奏，而不是永远让你做那个调节气氛的人，你会毫无保留地忠诚和热情。\n\n如果你的副原型是熊猫，你会在快乐之外，更会照顾他人的脆弱；如果是蜂鸟，你会特别容易被新鲜刺激吸引。请记得：带给别人快乐很好，但更重要的是，你也值得被温柔认真地对待。', NULL, 0.00, 0.00, '2025-11-24 22:46:43', '2025-11-24 22:46:43'),
(58, 16, 'TURTLE', '乌龟 · 深壳守望者', '你的灵魂动物，是那只在岸边慢慢前行的乌龟。你对世界的态度从来都不是“冲过去再说”，而是“等等看，再决定”。你重视安全感，也重视稳定的节奏。你不讨厌变化，但你需要时间去消化它，需要知道自己随时可以退回一块属于自己的安静之地。你对人生有一种低调而坚定的长期主义：慢一点没关系，走得稳更重要。\n\n乌龟型的人，在很多人眼里也许“不够激情”，却往往是最可靠的那一类。你不爱许下夸张的承诺，但说出口的话，大多会努力做到。你不一定抢着发言，但你记得很多细节，也善于在别人忽略的角落里，默默把漏洞补上。你对关系、工作、生活都有自己的底线，不会轻易被裹挟。\n\n然而，这样的你也可能被误会成“被动”“不够上进”。这个世界太推崇速度，以至于很多人忘了，缓慢也是一种节奏。你有时会在别人催促中感到窒息，明明已经在按照自己的方式努力，却因为“不够快”而被质疑。你会沉默，不是因为你没话说，而是你知道说了也未必有人愿意真正听懂。\n\n在亲密关系中，你希望对方能理解你的节奏：你可能不会立刻热情到燃烧，但你一旦认定，就很难轻易放弃。你更在意长期的相处感，而不是短暂的浪漫烟花。你需要的是一个不会不停逼问、不会随意推你一把的人，而是一个能和你一起，在世界的噪音外搭建小小庇护所的存在。\n\n如果你的副原型是猫，你的边界感会很强；如果是熊猫，你会在稳定之外，多一份柔软与包容。请记得：你不是慢，你只是在用自己的速度，走一条不想后悔的路。', NULL, 0.00, 0.00, '2025-11-24 22:46:43', '2025-11-24 22:46:43'),
(59, 16, 'HUMMINGBIRD', '蜂鸟 · 灵感游牧者', '你的灵魂动物，是在花丛间快速穿梭的蜂鸟。你对新鲜事物有近乎本能的敏感，很难长时间待在完全一成不变的环境里。你的大脑像一块不断刷新的屏幕，总有新的想法、新的兴趣、新的计划冒出来。对你来说，人生最好是一条充满支线任务的开放世界，而不是一条被画死的直线。\n\n蜂鸟型的人，通常拥有很强的好奇心和适应力。你可以很快进入一段新的人际关系、一个新的城市或一份新的工作，并迅速找到“这件事的好玩点在哪里”。你不怕重新开始，甚至在某种程度上，你享受从零开始的那种兴奋。你比很多人更有勇气按下“重启键”。\n\n但你的闪电式热情，有时也伴随着骤降的兴趣。你可能会对一个项目、一个人、一个爱好在短时间里投入大量精力，随后又忽然抽离，去追逐下一个光点。这容易让你觉得自己“不够坚持”，也容易让别人觉得你“不够稳定”。其实你要的不是简单的安稳，而是让生命保持流动和更新。\n\n在亲密关系中，你需要的是既能陪你去看世界，又不会因为你的变化就怀疑你的人。你并不是不可靠，只是你的方式和“标准模板”不一样。你会用自己独特的方式表达在乎——可能是一场突然的旅行，一份非常用心的惊喜，或者一段只属于你们两个人的冒险记忆。\n\n如果你的副原型是海豚，你会更擅长在社交中散播快乐；如果是老虎，你的探索欲会带着明显的目标感和野心。请记得：你不需要为自己的灵活感到羞愧，只要学会为重要的少数保留稳定，你就可以优雅地在世界之间穿梭。', NULL, 0.00, 0.00, '2025-11-24 22:46:43', '2025-11-24 22:46:43'),
(60, 16, 'WOLF', '狼 · 群星守卫者', '你的灵魂动物，是站在群体边缘、耳朵始终竖起的狼。你并不热衷于成为最耀眼的那一个，但你在乎“我们”这件事：团队的走向、家人的状态、亲密关系的稳定，对你来说都有分量。你愿意为了集体的长期利益，暂时压一压自己的需求，也愿意在必要的时候站出来，为身边的人说话、做决定、挡风险。\n\n狼型的人，有很强的责任感与边界感。你不喜欢空头承诺，也不喜欢轻飘飘的表忠心。你更相信时间、行动和共同经历。你可能不会用太多语句表达爱意，但你会通过陪伴、帮忙、在关键时刻不离场这些行为，来告诉别人：你是我这边的。\n\n然而，这种“扛事”的性格，也容易让你过度承担。你习惯性地去照顾整体，而忽略自己的疲惫。你有时很难说“我也需要被照顾”，因为你不愿意成为麻烦，也不习惯暴露脆弱。当你感到失望时，你可能不会立刻爆发，而是慢慢退后，直到不再把对方算进自己的“群体”。对你来说，真正的断联，往往是悄无声息的。\n\n在亲密关系中，你希望对方是可以一起扛事的人，而不是只会享受你负责的那一位。你重视共识与共同目标，讨厌反复的拉扯与试探。你渴望的是一种“我们站在同一边”的踏实感，而不是戏剧化的上头与下头。\n\n如果你的副原型是老虎，你会更愿意站在更前面的位置；如果是熊猫，你会在责任之外多一份柔软与照顾情绪。请记得：真正的群体，也应该反过来保护你，而不是只把你当成永远的守卫者。', NULL, 0.00, 0.00, '2025-11-24 22:46:43', '2025-11-24 22:46:43'),
(61, 16, 'CAT', '猫 · 边界行走者', '你的灵魂动物，是那只看起来漫不经心、其实什么都知道的猫。你对“自己的空间”有非常清晰的感知，可以和世界保持一种若即若离的距离。你可以很温柔，也可以很疏离；可以在你愿意的时候伸出爪子撒娇，也可以在不想被打扰的时候，毫不犹豫地躲起来。你不是冷漠，只是你知道，任何靠得太近的东西，都需要一点时间来验证。\n\n猫型的人，通常自我意识很强，有自己的审美、节奏和喜好。你不喜欢被安排的人生模板，也不喜欢被人理所当然地规划未来。你乐于独处，甚至需要独处来充电。对你来说，一个人舒服，并不等于孤独；反而是在人群中感到不被理解，才是真的孤单。\n\n但你的“自由”，有时也会被误解成“不在乎”“不投入”。你不一定会每天表达爱意，也不喜欢高频率汇报自己的动向，这会让一些需要很多安全感的人不安。你在乎的人，其实并不多，但一旦被你放进心里，你会用一种安静而长久的方式记挂对方——只是你不会用大张旗鼓的方式表现出来。\n\n在亲密关系中，你需要的是一个尊重你边界，又不会过度解读你沉默的人。你希望对方理解：你不回消息，不代表你不在乎；你想一个人待着，不代表你要离开。你只是在整理自己、让心重新回到稳定的频率上。当有人愿意在这段间隙里等你，而不是逼你给出立即反应时，你反而会更愿意靠近。\n\n如果你的副原型是狐狸，你会更擅长用冷静和策略保护自己；如果是乌龟，你会特别重视生活的稳定感。请记得：你不需要为了讨好任何人而降低自己的边界感，那份清醒，正是你最珍贵的保护壳。', NULL, 0.00, 0.00, '2025-11-24 22:46:43', '2025-11-24 22:46:43');

-- --------------------------------------------------------

--
-- 表的结构 `settings`
--

CREATE TABLE `settings` (
  `id` int(10) UNSIGNED NOT NULL,
  `key_name` varchar(100) COLLATE utf8mb4_unicode_ci NOT NULL COMMENT '设置键名',
  `value` text COLLATE utf8mb4_unicode_ci COMMENT '设置值',
  `description` varchar(255) COLLATE utf8mb4_unicode_ci DEFAULT NULL COMMENT '设置描述',
  `created_at` datetime NOT NULL DEFAULT CURRENT_TIMESTAMP,
  `updated_at` datetime NOT NULL DEFAULT CURRENT_TIMESTAMP ON UPDATE CURRENT_TIMESTAMP
) ENGINE=InnoDB DEFAULT CHARSET=utf8mb4 COLLATE=utf8mb4_unicode_ci COMMENT='网站设置表';

--
-- 转存表中的数据 `settings`
--

INSERT INTO `settings` (`id`, `key_name`, `value`, `description`, `created_at`, `updated_at`) VALUES
(1, 'google_analytics_enabled', '1', '是否启用 Google Analytics', '2025-11-23 02:25:46', '2025-11-23 02:47:12'),
(2, 'google_analytics_code', '<!-- Google tag (gtag.js) -->\r\n<script async src=\"https://www.googletagmanager.com/gtag/js?id=G-1CF5MV8GZP\"></script>\r\n<script>\r\n  window.dataLayer = window.dataLayer || [];\r\n  function gtag(){dataLayer.push(arguments);}\r\n  gtag(\'js\', new Date());\r\n\r\n  gtag(\'config\', \'G-1CF5MV8GZP\');\r\n</script>', 'Google Analytics 跟踪代码', '2025-11-23 02:25:46', '2025-11-23 02:47:12'),
(9, 'seo_site_name', 'DoFun心理实验空间', '网站名称（用于 SEO title 和 OG site_name）', '2025-11-23 03:34:52', '2025-11-23 12:03:32'),
(10, 'seo_default_title', 'DoFun心理实验空间｜心理 性格 感情：更专业的在线测验实验室', '默认页面标题', '2025-11-23 03:34:52', '2025-11-23 12:03:32'),
(11, 'seo_default_description', 'DoFun心理实验空间，是一个轻量、有趣的在线测验实验室，提供人格、情感、社交、生活方式等多个方向的心理小测试，帮你以更轻松的方式认识自己。', '默认页面描述（meta description）', '2025-11-23 03:34:52', '2025-11-23 12:03:32'),
(12, 'seo_default_image', '', '默认 OG 图片 URL（留空则使用 /assets/img/dofun-poster-bg.jpg）', '2025-11-23 03:34:52', '2025-11-23 12:03:32'),
(13, 'seo_default_keywords', '心理测试,性格测试,在线测验,心理实验,人格测试', '默认关键词（meta keywords）', '2025-11-23 03:34:52', '2025-11-23 12:03:32'),
(14, 'seo_robots_default', 'index,follow', '默认 robots 设置', '2025-11-23 03:34:52', '2025-11-23 12:03:32'),
(15, 'seo_og_type_default', 'website', '默认 OG type', '2025-11-23 03:34:52', '2025-11-23 12:03:32'),
(16, 'seo_twitter_card', 'summary_large_image', 'Twitter Card 类型', '2025-11-23 03:34:52', '2025-11-23 12:03:32'),
(49, 'site_name', 'DoFun心理实验空间', '网站名称（显示在首页标题）', '2025-11-23 07:13:37', '2025-11-23 12:03:32'),
(50, 'site_subtitle', '心理 性格 感情：更专业的在线测验实验室.', '网站副标题（显示在首页标题下方）', '2025-11-23 07:13:37', '2025-11-23 12:03:32'),
(51, 'site_description', 'DoFun心理实验空间，是一个轻量、有趣的在线测验实验室，提供人格、情感、社交、生活方式等多个方向的心理小测试，帮你以更轻松的方式认识自己。', '网站描述（用于SEO和分享）', '2025-11-23 07:13:37', '2025-11-23 12:03:32'),
(52, 'site_keywords', '心理测试,性格测试,在线测验,心理实验,人格测试', '网站关键词（用于SEO，多个关键词用逗号分隔）', '2025-11-23 07:13:37', '2025-11-23 12:03:32'),
(53, 'home_tests_limit', '20', '首页显示测验卡片数量限制（1-200）', '2025-11-23 07:13:37', '2025-11-23 12:03:32'),
(54, 'home_tag_limit', '20', '首页显示标签数量（1-50）', '2025-11-23 07:13:37', '2025-11-23 12:03:32'),
(55, 'home_tests_per_page', '20', '首页每页显示测验数量（1-100）', '2025-11-23 07:13:37', '2025-11-23 12:03:32');

-- --------------------------------------------------------

--
-- 表的结构 `share_stats`
--

CREATE TABLE `share_stats` (
  `id` bigint(20) UNSIGNED NOT NULL,
  `test_run_id` bigint(20) UNSIGNED DEFAULT NULL,
  `share_token` char(32) COLLATE utf8mb4_unicode_ci DEFAULT NULL,
  `platform` varchar(50) COLLATE utf8mb4_unicode_ci DEFAULT NULL COMMENT '分享平台：wechat, weibo, qq, copy_link, etc.',
  `referrer` varchar(255) COLLATE utf8mb4_unicode_ci DEFAULT NULL COMMENT '来源页面',
  `ip_address` varchar(45) COLLATE utf8mb4_unicode_ci DEFAULT NULL,
  `user_agent` varchar(255) COLLATE utf8mb4_unicode_ci DEFAULT NULL,
  `created_at` datetime NOT NULL DEFAULT CURRENT_TIMESTAMP
) ENGINE=InnoDB DEFAULT CHARSET=utf8mb4 COLLATE=utf8mb4_unicode_ci COMMENT='分享统计表';

-- --------------------------------------------------------

--
-- 表的结构 `tests`
--

CREATE TABLE `tests` (
  `id` int(10) UNSIGNED NOT NULL,
  `slug` varchar(100) COLLATE utf8mb4_unicode_ci NOT NULL,
  `title` varchar(255) COLLATE utf8mb4_unicode_ci NOT NULL,
  `subtitle` varchar(255) COLLATE utf8mb4_unicode_ci DEFAULT NULL,
  `description` text COLLATE utf8mb4_unicode_ci,
  `title_color` char(7) COLLATE utf8mb4_unicode_ci DEFAULT NULL,
  `emoji` varchar(16) COLLATE utf8mb4_unicode_ci DEFAULT NULL,
  `tags` varchar(255) COLLATE utf8mb4_unicode_ci DEFAULT NULL,
  `status` enum('draft','published','archived') COLLATE utf8mb4_unicode_ci NOT NULL DEFAULT 'draft',
  `sort_order` int(11) NOT NULL DEFAULT '0',
  `created_at` datetime NOT NULL DEFAULT CURRENT_TIMESTAMP,
  `updated_at` datetime NOT NULL DEFAULT CURRENT_TIMESTAMP ON UPDATE CURRENT_TIMESTAMP,
  `scoring_mode` enum('simple','dimensions','range','custom') COLLATE utf8mb4_unicode_ci NOT NULL DEFAULT 'simple',
  `scoring_config` json DEFAULT NULL,
  `show_secondary_archetype` tinyint(1) NOT NULL DEFAULT '1',
  `show_dimension_table` tinyint(1) NOT NULL DEFAULT '1',
  `display_mode` enum('single_page','step_by_step') COLLATE utf8mb4_unicode_ci NOT NULL DEFAULT 'single_page',
  `play_count_beautified` int(10) UNSIGNED DEFAULT NULL
) ENGINE=InnoDB DEFAULT CHARSET=utf8mb4 COLLATE=utf8mb4_unicode_ci;

--
-- 转存表中的数据 `tests`
--

INSERT INTO `tests` (`id`, `slug`, `title`, `subtitle`, `description`, `title_color`, `emoji`, `tags`, `status`, `sort_order`, `created_at`, `updated_at`, `scoring_mode`, `scoring_config`, `show_secondary_archetype`, `show_dimension_table`, `display_mode`, `play_count_beautified`) VALUES
(1, 'inner-personality-type', '你的内在人格类型是什么？', '4 个选项，看看你是哪一种隐藏人格气质', '这不是一份标准的心理学量表，而是一个轻量的自我观察小测试。\r\n\r\n通过若干日常情境，你会发现自己更习惯用哪一种方式面对世界：是独立冷静，还是情绪细腻；是理性规划，还是立刻动手去做。\r\n\r\n测试结果不会给你贴标签，只是帮你换一个角度，看看自己身上那些你已经习以为常，却很少被认真看见的性格纹理。', '#cf9c30', '😈', '性格测试, 人格类型, 自我探索, 内在动力', 'published', 10, '2025-11-20 01:14:10', '2025-11-23 07:03:52', 'custom', '{\"strategy\":\"vote\",\"tie_breaker\":\"first\"}', 1, 1, 'single_page', 150),
(2, 'emotional-expression-style', '你的情感表达风格属于哪一类？', '你的习惯，是靠近、依赖、独处还是隐藏？', '每个人表达情感的方式都不同——有的人直接、热烈；有的人细腻、需要回应；还有的人沉默、不愿暴露脆弱。\r\n\r\n这套轻量测试会帮你找出：你更习惯用哪一种方式靠近别人，以及你在亲密关系中的本能反应模式。\r\n\r\n没有哪种风格更好，这只是一面镜子，让你看到那些你习以为常的行为背后，更深的情感逻辑。', '#80593c', '🧠', '情感测试, 心理探索, 亲密关系, 情绪表达', 'published', 20, '2025-11-20 02:22:49', '2025-11-23 07:03:48', 'custom', '{\"strategy\":\"vote\",\"tie_breaker\":\"first\"}', 1, 1, 'single_page', 250),
(3, 'core-personality-structure', '你的核心人格结构是什么？', '从两个维度看清你最底层的人格模式', '这个测试通过两个基础维度：内向/外向（I/E）、<font color=\"#a855f7\">理性/情绪</font>（R/F），组合出你的核心人格结构。\r\n不是给你贴标签，而是让你看到：你更习惯用哪种方式与世界交互——安静理性，细腻敏感，外向主导，还是情绪丰盛。', '#93c23d', '🌈', '人格类型, 心理测试, 自我探索, MBTI风格', 'published', 30, '2025-11-20 02:46:59', '2025-11-23 11:57:18', 'dimensions', '{\"dimensions\":[\"E\",\"I\",\"R\",\"F\"],\"weights\":{\"1\":{\"A\":{\"E\":2,\"R\":1},\"B\":{\"I\":2,\"R\":1},\"C\":{\"E\":2,\"F\":1},\"D\":{\"I\":2,\"F\":1}},\"2\":{\"A\":{\"R\":3},\"B\":{\"F\":3},\"C\":{\"F\":2,\"E\":1},\"D\":{\"R\":2,\"I\":1}},\"3\":{\"A\":{\"I\":2,\"R\":1},\"B\":{\"E\":2,\"F\":1},\"C\":{\"R\":2,\"I\":1},\"D\":{\"E\":1,\"F\":2}}}}', 1, 1, 'single_page', 222),
(6, 'social-battery-20251120', '今天你的社交电量还剩多少？!!!', '测测你现在是满格社交达人，还是需要马上充电', '你是不是经常一边想躺平，一边<font color=\"#10b981\">又被各种社交</font>安排“榨干”？做个小测试，看看你今天的社交电量还剩几格，以及应该怎么给自己充电。📚', '#4e72ff', '🔋', '社交电量, 情绪自测, 内耗, 下班生活, DoFun趣味测试', 'published', 100, '2025-11-20 13:42:50', '2025-11-23 12:06:24', 'simple', NULL, 1, 1, 'single_page', 120),
(7, 'attraction_archetype', '你的吸引力原型', '测出你身上最让人上瘾的那一面', '这不是单纯的长相测试，而是从社交、情绪、思考方式和压力反应中，测出你真正的吸引力来源：是让人安心的氛围、安静的深度、自信的锋芒，还是疯一点的有趣灵魂。', '#ff7a9e', '✨', '#吸引力, #人格, #恋爱, #心理测验', 'published', 1, '2025-11-21 05:59:06', '2025-11-23 07:03:56', 'dimensions', '{\"mapping\": {\"q1\": {\"A\": {\"P\": 1}, \"B\": {\"C\": 1}, \"C\": {\"E\": 1}, \"D\": {\"W\": 1}}, \"q2\": {\"A\": {\"C\": 1}, \"B\": {\"P\": 1}, \"C\": {\"E\": 1}, \"D\": {\"W\": 1}}, \"q3\": {\"A\": {\"P\": 1}, \"B\": {\"E\": 1}, \"C\": {\"C\": 1}, \"D\": {\"W\": 1}}, \"q4\": {\"A\": {\"P\": 1}, \"B\": {\"C\": 1}, \"C\": {\"E\": 1}, \"D\": {\"W\": 1}}, \"q5\": {\"A\": {\"C\": 1}, \"B\": {\"W\": 1}, \"C\": {\"E\": 1}, \"D\": {\"P\": 1}}, \"q6\": {\"A\": {\"C\": 1}, \"B\": {\"P\": 1}, \"C\": {\"E\": 1}, \"D\": {\"W\": 1}}, \"q7\": {\"A\": {\"C\": 1}, \"B\": {\"P\": 1}, \"C\": {\"E\": 1}, \"D\": {\"W\": 1}}, \"q8\": {\"A\": {\"C\": 1}, \"B\": {\"E\": 1}, \"C\": {\"P\": 1}, \"D\": {\"W\": 1}}, \"q9\": {\"A\": {\"C\": 1}, \"B\": {\"P\": 1}, \"C\": {\"E\": 1}, \"D\": {\"W\": 1}}, \"q10\": {\"A\": {\"P\": 1}, \"B\": {\"C\": 1}, \"C\": {\"E\": 1}, \"D\": {\"W\": 1}}, \"q11\": {\"A\": {\"P\": 1}, \"B\": {\"C\": 1}, \"C\": {\"E\": 1}, \"D\": {\"W\": 1}}, \"q12\": {\"A\": {\"C\": 1}, \"B\": {\"P\": 1}, \"C\": {\"E\": 1}, \"D\": {\"W\": 1}}, \"q13\": {\"A\": {\"C\": 1}, \"B\": {\"P\": 1}, \"C\": {\"E\": 1}, \"D\": {\"W\": 1}}, \"q14\": {\"A\": {\"C\": 1}, \"B\": {\"E\": 1}, \"C\": {\"P\": 1}, \"D\": {\"W\": 1}}, \"q15\": {\"A\": {\"C\": 1}, \"B\": {\"P\": 1}, \"C\": {\"E\": 1}, \"D\": {\"W\": 1}}, \"q16\": {\"A\": {\"P\": 1}, \"B\": {\"C\": 1}, \"C\": {\"E\": 1}, \"D\": {\"W\": 1}}, \"q17\": {\"A\": {\"P\": 1}, \"B\": {\"C\": 1}, \"C\": {\"E\": 1}, \"D\": {\"W\": 1}}, \"q18\": {\"A\": {\"C\": 1}, \"B\": {\"E\": 1}, \"C\": {\"P\": 1}, \"D\": {\"W\": 1}}, \"q19\": {\"A\": {\"C\": 1}, \"B\": {\"E\": 1}, \"C\": {\"P\": 1}, \"D\": {\"W\": 1}}, \"q20\": {\"A\": {\"C\": 1}, \"B\": {\"E\": 1}, \"C\": {\"P\": 1}, \"D\": {\"W\": 1}}, \"q21\": {\"A\": {\"C\": 1}, \"B\": {\"P\": 1}, \"C\": {\"E\": 1}, \"D\": {\"W\": 1}}, \"q22\": {\"A\": {\"P\": 1}, \"B\": {\"C\": 1}, \"C\": {\"E\": 1}, \"D\": {\"W\": 1}}, \"q23\": {\"A\": {\"C\": 1}, \"B\": {\"E\": 1}, \"C\": {\"P\": 1}, \"D\": {\"W\": 1}}, \"q24\": {\"A\": {\"C\": 1}, \"B\": {\"E\": 1}, \"C\": {\"P\": 1}, \"D\": {\"W\": 1}}, \"q25\": {\"A\": {\"C\": 1}, \"B\": {\"P\": 1}, \"C\": {\"E\": 1}, \"D\": {\"W\": 1}}, \"q26\": {\"A\": {\"C\": 1}, \"B\": {\"P\": 1}, \"C\": {\"E\": 1}, \"D\": {\"W\": 1}}, \"q27\": {\"A\": {\"C\": 1}, \"B\": {\"P\": 1}, \"C\": {\"E\": 1}, \"D\": {\"W\": 1}}, \"q28\": {\"A\": {\"C\": 1}, \"B\": {\"P\": 1}, \"C\": {\"E\": 1}, \"D\": {\"W\": 1}}, \"q29\": {\"A\": {\"C\": 1}, \"B\": {\"P\": 1}, \"C\": {\"E\": 1}, \"D\": {\"W\": 1}}, \"q30\": {\"A\": {\"C\": 1}, \"B\": {\"P\": 1}, \"C\": {\"E\": 1}, \"D\": {\"W\": 1}}, \"q31\": {\"A\": {\"C\": 1}, \"B\": {\"P\": 1}, \"C\": {\"E\": 1}, \"D\": {\"W\": 1}}, \"q32\": {\"A\": {\"C\": 1}, \"B\": {\"P\": 1}, \"C\": {\"E\": 1}, \"D\": {\"W\": 1}}, \"q33\": {\"A\": {\"C\": 1}, \"B\": {\"P\": 1}, \"C\": {\"E\": 1}, \"D\": {\"W\": 1}}, \"q34\": {\"A\": {\"C\": 1}, \"B\": {\"P\": 1}, \"C\": {\"E\": 1}, \"D\": {\"W\": 1}}, \"q35\": {\"A\": {\"C\": 1}, \"B\": {\"P\": 1}, \"C\": {\"E\": 1}, \"D\": {\"W\": 1}}, \"q36\": {\"A\": {\"C\": 1}, \"B\": {\"P\": 1}, \"C\": {\"E\": 1}, \"D\": {\"W\": 1}}, \"q37\": {\"A\": {\"C\": 1}, \"B\": {\"P\": 1}, \"C\": {\"E\": 1}, \"D\": {\"W\": 1}}, \"q38\": {\"A\": {\"C\": 1}, \"B\": {\"P\": 1}, \"C\": {\"E\": 1}, \"D\": {\"W\": 1}}, \"q39\": {\"A\": {\"C\": 1}, \"B\": {\"P\": 1}, \"C\": {\"E\": 1}, \"D\": {\"W\": 1}}, \"q40\": {\"A\": {\"C\": 1}, \"B\": {\"P\": 1}, \"C\": {\"E\": 1}, \"D\": {\"W\": 1}}, \"q41\": {\"A\": {\"C\": 1}, \"B\": {\"P\": 1}, \"C\": {\"E\": 1}, \"D\": {\"W\": 1}}, \"q42\": {\"A\": {\"C\": 1}, \"B\": {\"P\": 1}, \"C\": {\"E\": 1}, \"D\": {\"W\": 1}}, \"q43\": {\"A\": {\"C\": 1}, \"B\": {\"P\": 1}, \"C\": {\"E\": 1}, \"D\": {\"W\": 1}}, \"q44\": {\"A\": {\"C\": 1}, \"B\": {\"P\": 1}, \"C\": {\"E\": 1}, \"D\": {\"W\": 1}}, \"q45\": {\"A\": {\"C\": 1}, \"B\": {\"P\": 1}, \"C\": {\"E\": 1}, \"D\": {\"W\": 1}}, \"q46\": {\"A\": {\"C\": 1}, \"B\": {\"P\": 1}, \"C\": {\"E\": 1}, \"D\": {\"W\": 1}}, \"q47\": {\"A\": {\"C\": 1}, \"B\": {\"P\": 1}, \"C\": {\"E\": 1}, \"D\": {\"W\": 1}}, \"q48\": {\"A\": {\"C\": 1}, \"B\": {\"P\": 1}, \"C\": {\"E\": 1}, \"D\": {\"W\": 1}}, \"q49\": {\"A\": {\"C\": 1}, \"B\": {\"P\": 1}, \"C\": {\"E\": 1}, \"D\": {\"W\": 1}}, \"q50\": {\"A\": {\"C\": 1}, \"B\": {\"P\": 1}, \"C\": {\"E\": 1}, \"D\": {\"W\": 1}}}, \"dimensions\": [\"E\", \"C\", \"P\", \"W\"], \"result_profiles\": [{\"code\": \"QUIET_GLOW\", \"name\": \"安静发光型 Quiet Glow\", \"rule\": {\"primary\": \"P\", \"low_prefer\": [\"E\"], \"description\": \"思考深、情绪稳，存在感不吵闹但耐看耐品，属于安静發光的類型。\", \"secondary_prefer\": [\"C\"]}}, {\"code\": \"SOFT_WARMTH\", \"name\": \"温柔治愈型 Soft Warmth\", \"rule\": {\"primary\": \"C\", \"description\": \"氛圍溫柔，讓人放鬆、願意靠近，是很適合長期相處的安全感型吸引力。\", \"secondary_prefer\": [\"P\"]}}, {\"code\": \"SHARP_EDGE\", \"name\": \"自信锋芒型 Sharp Edge\", \"rule\": {\"primary\": \"E\", \"description\": \"行動力強、存在感明顯，容易成為場景中的焦點，帶有決斷感與壓場能力。\", \"secondary_prefer\": [\"P\"]}}, {\"code\": \"CHAOTIC_FUN\", \"name\": \"混亂有趣型 Chaotic Fun\", \"rule\": {\"primary\": \"W\", \"description\": \"腦洞大、反差感強，常常用幽默和搞怪化解氣氛，屬於很好玩、記憶點很重的類型。\"}}, {\"code\": \"CALM_MAGNETIC\", \"name\": \"深情克制型 Calm Magnetic\", \"rule\": {\"primary\": \"P\", \"low_prefer\": [\"W\"], \"description\": \"外表克制，內心細膩，有自己的節奏和深情，不張揚但讓人在意很久。\", \"secondary_prefer\": [\"C\"]}}], \"dimension_labels\": {\"C\": \"氛围魅力（Comfort）\", \"E\": \"能量魅力（Energy）\", \"P\": \"智性魅力（Perception）\", \"W\": \"玩趣魅力（Whimsy）\"}}', 1, 1, 'step_by_step', 188),
(12, 'soul_animal', '你的灵魂动物是什么？', '如果把你换成一只动物，世界会更像动物园还是童话书？', '有的人像猫，不解释，只消失；有的人像狗，一被叫就立刻跑回来。有的人像狐狸，永远比世界快半拍；有的人像小鹿，敏感而漂亮；还有的人像猫头鹰，看起来安静，其实什么都知道。这不是在问你“喜欢什么动物”，而是在拆开你的习惯、情绪与选择方式，看看在你骨子里，住着哪一种灵魂<font color=\"#10b981\">动物——它决定了你怎么</font>爱人、怎么保护自己、又怎么对抗这个世界。😍', '#7bb18a', '🐾', '灵魂动物, 人格原型, 趣味测验', 'published', 120, '2025-11-21 11:41:20', '2025-11-23 12:22:17', 'dimensions', '{\"mapping\": {\"q1\": {\"A\": {\"CAT\": 1}, \"B\": {\"DOG\": 1}, \"C\": {\"FOX\": 1}, \"D\": {\"DEER\": 1}}, \"q2\": {\"A\": {\"OWL\": 1}, \"B\": {\"DOG\": 1}, \"C\": {\"FOX\": 1}, \"D\": {\"DEER\": 1}}, \"q3\": {\"A\": {\"OWL\": 1}, \"B\": {\"DOG\": 1}, \"C\": {\"FOX\": 1}, \"D\": {\"DEER\": 1}}, \"q4\": {\"A\": {\"DOG\": 1}, \"B\": {\"OWL\": 1}, \"C\": {\"FOX\": 1}, \"D\": {\"DEER\": 1}}, \"q5\": {\"A\": {\"CAT\": 1}, \"B\": {\"DOG\": 1}, \"C\": {\"FOX\": 1}, \"D\": {\"DEER\": 1}}, \"q6\": {\"A\": {\"CAT\": 1}, \"B\": {\"DOG\": 1}, \"C\": {\"FOX\": 1}, \"D\": {\"OWL\": 1}}, \"q7\": {\"A\": {\"FOX\": 1}, \"B\": {\"DEER\": 1}, \"C\": {\"OWL\": 1}, \"D\": {\"DOG\": 1}}, \"q8\": {\"A\": {\"CAT\": 1}, \"B\": {\"DOG\": 1}, \"C\": {\"FOX\": 1}, \"D\": {\"DEER\": 1}}, \"q9\": {\"A\": {\"CAT\": 1}, \"B\": {\"DOG\": 1}, \"C\": {\"FOX\": 1}, \"D\": {\"DEER\": 1}}, \"q10\": {\"A\": {\"CAT\": 1}, \"B\": {\"DOG\": 1}, \"C\": {\"OWL\": 1}, \"D\": {\"DEER\": 1}}, \"q11\": {\"A\": {\"CAT\": 1}, \"B\": {\"DOG\": 1}, \"C\": {\"FOX\": 1}, \"D\": {\"OWL\": 1}}, \"q12\": {\"A\": {\"DOG\": 1}, \"B\": {\"OWL\": 1}, \"C\": {\"FOX\": 1}, \"D\": {\"CAT\": 1}}}, \"dimensions\": [\"CAT\", \"DOG\", \"FOX\", \"DEER\", \"OWL\"]}', 1, 1, 'step_by_step', 300),
(13, 'demo_dimensions', '【Demo】你更像猫还是狗？2', '3 道题，测试新引擎是否正常工作555555', '这是一个用于调试新评分引擎的示例测验：通过 3 道极简题目，看你的回答更<font color=\"#06b6d4\">偏向猫系还是狗</font>系。确认架构无误后，其他正式测验都可以参考这个结构来配置。6666666', '#ff9f43', '🔥', '测试, 示例, 调试2', 'published', 999, '2025-11-22 04:04:11', '2025-11-23 12:20:18', 'dimensions', '{\"dimensions\":[\"CAT\",\"DOG\"],\"weights\":{\"1\":{\"A\":{\"CAT\":1},\"B\":{\"DOG\":1}},\"2\":{\"A\":{\"DOG\":1},\"B\":{\"CAT\":1}},\"3\":{\"A\":{\"DOG\":1},\"B\":{\"CAT\":1}}}}', 1, 1, 'step_by_step', 16200),
(14, 'mental-age-check', '你的心理年龄是多少？', '你的身体长大了，但你的内心，到底停在了几岁？', '在我们成长的过程中，生理年龄以稳定的速度向前推进，但心理年龄却可能停滞、加速、倒退，甚至与现实脱节。有人明明三十多岁，依旧像少年般冲动、热情、不怕跌倒；有人二十出头，却已学会客观判断、保持稳重、承担责任。心理年龄不是简单的“成熟与否”标签，而是你内在心智的一面镜子——它揭示你对生活的态度、对情绪的管理方式、对未来的想象路径，以及你在面对压力和选择时的反应。本测验参考了心理学中关于心智成熟度与自我调节能力的常见维度设计，从决策方式、情绪反应、责任感、未来规划、压力应对等多个角度出发，通过一系列贴近日常的情境题，帮助你判断：你的内心，真正“停留”在怎样的年龄阶段。年龄是身份证上的数字，而心理年龄，是你看世界、走路和爱自己的方式。准备好探索你心里那个真正的年纪了吗？', '#4f46e5', NULL, '心理年龄,心智成熟,自我认知', 'published', 0, '2025-11-24 08:52:59', '2025-11-24 08:52:59', 'range', '{\"ranges\":[{\"code\":\"R1\",\"min\":18,\"max\":30},{\"code\":\"R2\",\"min\":31,\"max\":40},{\"code\":\"R3\",\"min\":41,\"max\":50},{\"code\":\"R4\",\"min\":51,\"max\":60},{\"code\":\"R5\",\"min\":61,\"max\":72}]}', 1, 1, 'step_by_step', NULL),
(15, 'soldier-poet-king', '你是士兵、诗人还是国王？', '行动者、创造者、掌控者，你生来偏向哪一种力量？', '每个人心里都住着三个角色：一个渴望行动与战斗的士兵，一个敏感浪漫的诗人，还有一个习惯统筹全局的国王。士兵用行动证明价值，诗人用感受改写世界，国王则用决策重塑秩序。你做选择的方式、面对冲突的反应、处理情绪和关系的习惯，都在悄悄告诉你：哪一种原型正在主导你的人生。本测验通过 20 道贴近日常的情境题，从“责任感”“感受力”“掌控欲”三个维度出发，衡量你在士兵（执行与守护）、诗人（感受与表达）、国王（掌控与引导）三种原型上的能量分布。你将看到自己的主原型与副原型，也会看见力量背后的阴影与代价。愿你在这场小小的原型占卜里，看见自己真正的身份：你究竟是战场上的士兵、故事里的诗人，还是命运棋盘上的那位国王。', '#4f46e5', NULL, 'personality, archetype, fun', 'published', 0, '2025-11-24 09:46:21', '2025-11-24 11:23:39', 'dimensions', '{\"dimensions\":[\"SOLDIER\",\"POET\",\"KING\"],\"weights\":{\"1\":{\"A\":{\"SOLDIER\":1},\"B\":{\"POET\":1},\"C\":{\"KING\":1}},\"2\":{\"A\":{\"SOLDIER\":1},\"B\":{\"POET\":1},\"C\":{\"KING\":1}},\"3\":{\"A\":{\"SOLDIER\":1},\"B\":{\"POET\":1},\"C\":{\"KING\":1}},\"4\":{\"A\":{\"SOLDIER\":1},\"B\":{\"POET\":1},\"C\":{\"KING\":1}},\"5\":{\"A\":{\"SOLDIER\":1},\"B\":{\"POET\":1},\"C\":{\"KING\":1}},\"6\":{\"A\":{\"SOLDIER\":1},\"B\":{\"POET\":1},\"C\":{\"KING\":1}},\"7\":{\"A\":{\"SOLDIER\":1},\"B\":{\"POET\":1},\"C\":{\"KING\":1}},\"8\":{\"A\":{\"SOLDIER\":1},\"B\":{\"POET\":1},\"C\":{\"KING\":1}},\"9\":{\"A\":{\"SOLDIER\":1},\"B\":{\"POET\":1},\"C\":{\"KING\":1}},\"10\":{\"A\":{\"SOLDIER\":1},\"B\":{\"POET\":1},\"C\":{\"KING\":1}},\"11\":{\"A\":{\"SOLDIER\":1},\"B\":{\"POET\":1},\"C\":{\"KING\":1}},\"12\":{\"A\":{\"SOLDIER\":1},\"B\":{\"POET\":1},\"C\":{\"KING\":1}},\"13\":{\"A\":{\"SOLDIER\":1},\"B\":{\"POET\":1},\"C\":{\"KING\":1}},\"14\":{\"A\":{\"SOLDIER\":1},\"B\":{\"POET\":1},\"C\":{\"KING\":1}},\"15\":{\"A\":{\"SOLDIER\":1},\"B\":{\"POET\":1},\"C\":{\"KING\":1}},\"16\":{\"A\":{\"SOLDIER\":1},\"B\":{\"POET\":1},\"C\":{\"KING\":1}},\"17\":{\"A\":{\"SOLDIER\":1},\"B\":{\"POET\":1},\"C\":{\"KING\":1}},\"18\":{\"A\":{\"SOLDIER\":1},\"B\":{\"POET\":1},\"C\":{\"KING\":1}},\"19\":{\"A\":{\"SOLDIER\":1},\"B\":{\"POET\":1},\"C\":{\"KING\":1}},\"20\":{\"A\":{\"SOLDIER\":1},\"B\":{\"POET\":1},\"C\":{\"KING\":1}}}}'', 1, 1, 'step_by_step', NULL),
(16, 'spirit-animal-quiz', '你的灵魂动物是什么？', '16 道题，唤醒藏在你身体里的那只动物', '如果你的灵魂是一只动物，它会是谁？是半夜还在盘算下一步的老虎，还是一边打哈欠一边安慰所有人的熊猫，是在海面上腾跃的海豚，还是只在自己世界里优雅打理情绪的猫？这不是一场生物学考试，而是一次关于本能、边界感、社交方式与安全感的轻量测试。通过 16 道贴近生活的情境题，我们会从「行动方式」「亲密模式」「面对压力时的反应」等维度出发，为你勾勒出 8 种灵兽原型——老虎、狐狸、海豚、熊猫、狼、蜂鸟、乌龟与猫。最终结果不仅会告诉你主导你性格的灵魂动物，也会展示你的副原型，让你看到：你为什么有时像猫一样需要空间，有时却又像狼一样离不开同伴。放下标签，允许自己既温柔又锋利——现在，就让那只躲在心里的动物，慢慢醒过来。', '#4f46e5', NULL, '趣味测试, 动物人格, 灵魂原型', 'draft', 0, '2025-11-24 22:46:43', '2025-11-24 23:06:16', 'dimensions', '{\"mapping\": {\"1\": {\"A\": {\"FOX\": 1, \"TIGER\": 1}, \"B\": {\"CAT\": 1, \"FOX\": 1}, \"C\": {\"WOLF\": 1, \"DOLPHIN\": 1}, \"D\": {\"CAT\": 1, \"TURTLE\": 1}}, \"2\": {\"A\": {\"WOLF\": 1, \"TIGER\": 1}, \"B\": {\"PANDA\": 1, \"DOLPHIN\": 1}, \"C\": {\"CAT\": 1, \"WOLF\": 1}, \"D\": {\"CAT\": 1, \"TURTLE\": 1}}, \"3\": {\"A\": {\"FOX\": 1, \"TIGER\": 1}, \"B\": {\"WOLF\": 1, \"PANDA\": 1}, \"C\": {\"DOLPHIN\": 1, \"HUMMINGBIRD\": 1}, \"D\": {\"CAT\": 1, \"TURTLE\": 1}}, \"4\": {\"A\": {\"WOLF\": 1, \"TIGER\": 1}, \"B\": {\"CAT\": 1, \"PANDA\": 1}, \"C\": {\"DOLPHIN\": 1, \"HUMMINGBIRD\": 1}, \"D\": {\"CAT\": 1, \"TURTLE\": 1}}, \"5\": {\"A\": {\"WOLF\": 1, \"TIGER\": 1}, \"B\": {\"PANDA\": 1, \"DOLPHIN\": 1}, \"C\": {\"DOLPHIN\": 1, \"HUMMINGBIRD\": 1}, \"D\": {\"CAT\": 1, \"FOX\": 1}}, \"6\": {\"A\": {\"FOX\": 1, \"TIGER\": 1}, \"B\": {\"PANDA\": 1, \"TURTLE\": 1}, \"C\": {\"CAT\": 1, \"FOX\": 1}, \"D\": {\"CAT\": 1, \"TURTLE\": 1}}, \"7\": {\"A\": {\"TIGER\": 1, \"HUMMINGBIRD\": 1}, \"B\": {\"WOLF\": 1, \"PANDA\": 1}, \"C\": {\"DOLPHIN\": 1, \"HUMMINGBIRD\": 1}, \"D\": {\"CAT\": 1, \"TURTLE\": 1}}, \"8\": {\"A\": {\"WOLF\": 1, \"TIGER\": 1}, \"B\": {\"PANDA\": 1, \"DOLPHIN\": 1}, \"C\": {\"DOLPHIN\": 1, \"HUMMINGBIRD\": 1}, \"D\": {\"CAT\": 1, \"FOX\": 1}}, \"9\": {\"A\": {\"FOX\": 1, \"TIGER\": 1}, \"B\": {\"WOLF\": 1, \"PANDA\": 1}, \"C\": {\"DOLPHIN\": 1, \"HUMMINGBIRD\": 1}, \"D\": {\"CAT\": 1, \"TURTLE\": 1}}, \"10\": {\"A\": {\"WOLF\": 1, \"TIGER\": 1}, \"B\": {\"FOX\": 1, \"PANDA\": 1}, \"C\": {\"DOLPHIN\": 1, \"HUMMINGBIRD\": 1}, \"D\": {\"CAT\": 1, \"TURTLE\": 1}}, \"11\": {\"A\": {\"WOLF\": 1, \"TIGER\": 1}, \"B\": {\"PANDA\": 1, \"DOLPHIN\": 1}, \"C\": {\"DOLPHIN\": 1, \"HUMMINGBIRD\": 1}, \"D\": {\"CAT\": 1, \"FOX\": 1}}, \"12\": {\"A\": {\"TIGER\": 1, \"HUMMINGBIRD\": 1}, \"B\": {\"PANDA\": 1, \"TURTLE\": 1}, \"C\": {\"DOLPHIN\": 1, \"HUMMINGBIRD\": 1}, \"D\": {\"CAT\": 1, \"TURTLE\": 1}}, \"13\": {\"A\": {\"FOX\": 1, \"TIGER\": 1}, \"B\": {\"CAT\": 1, \"PANDA\": 1}, \"C\": {\"DOLPHIN\": 1, \"HUMMINGBIRD\": 1}, \"D\": {\"CAT\": 1, \"TURTLE\": 1}}, \"14\": {\"A\": {\"WOLF\": 1, \"TIGER\": 1}, \"B\": {\"PANDA\": 1, \"DOLPHIN\": 1}, \"C\": {\"WOLF\": 1, \"DOLPHIN\": 1}, \"D\": {\"CAT\": 1, \"FOX\": 1}}, \"15\": {\"A\": {\"WOLF\": 1, \"TIGER\": 1}, \"B\": {\"PANDA\": 1, \"DOLPHIN\": 1}, \"C\": {\"WOLF\": 1, \"PANDA\": 1}, \"D\": {\"FOX\": 1, \"TURTLE\": 1}}, \"16\": {\"A\": {\"FOX\": 1, \"TIGER\": 1}, \"B\": {\"PANDA\": 1, \"HUMMINGBIRD\": 1}, \"C\": {\"WOLF\": 1, \"DOLPHIN\": 1}, \"D\": {\"CAT\": 1, \"TURTLE\": 1}}}, \"dimensions\": [\"FOX\", \"PANDA\", \"TIGER\", \"DOLPHIN\", \"TURTLE\", \"HUMMINGBIRD\", \"WOLF\", \"CAT\"]}', 1, 1, 'step_by_step', NULL);

-- --------------------------------------------------------

--
-- 表的结构 `test_runs`
--

CREATE TABLE `test_runs` (
  `id` bigint(20) UNSIGNED NOT NULL,
  `user_id` int(10) UNSIGNED DEFAULT NULL,
  `test_id` int(10) UNSIGNED NOT NULL,
  `result_id` int(10) UNSIGNED DEFAULT NULL,
  `user_identifier` varchar(100) COLLATE utf8mb4_unicode_ci DEFAULT NULL,
  `ip_address` varchar(45) COLLATE utf8mb4_unicode_ci DEFAULT NULL,
  `user_agent` varchar(255) COLLATE utf8mb4_unicode_ci DEFAULT NULL,
  `total_score` decimal(10,2) DEFAULT NULL,
  `created_at` datetime NOT NULL DEFAULT CURRENT_TIMESTAMP,
  `share_token` char(32) COLLATE utf8mb4_unicode_ci DEFAULT NULL
) ENGINE=InnoDB DEFAULT CHARSET=utf8mb4 COLLATE=utf8mb4_unicode_ci;

--
-- 转存表中的数据 `test_runs`
--

INSERT INTO `test_runs` (`id`, `user_id`, `test_id`, `result_id`, `user_identifier`, `ip_address`, `user_agent`, `total_score`, `created_at`, `share_token`) VALUES
(1, NULL, 3, 14, NULL, '::1', 'Mozilla/5.0 (Windows NT 10.0; Win64; x64) AppleWebKit/537.36 (KHTML, like Gecko) Chrome/142.0.0.0 Safari/537.36', 9.00, '2025-11-20 02:49:46', NULL),
(2, NULL, 3, 13, NULL, '::1', 'Mozilla/5.0 (Windows NT 10.0; Win64; x64) AppleWebKit/537.36 (KHTML, like Gecko) Chrome/142.0.0.0 Safari/537.36', 9.00, '2025-11-20 02:49:55', NULL),
(3, NULL, 3, 13, NULL, '::1', 'Mozilla/5.0 (Windows NT 10.0; Win64; x64) AppleWebKit/537.36 (KHTML, like Gecko) Chrome/142.0.0.0 Safari/537.36', 9.00, '2025-11-20 02:50:30', NULL),
(4, NULL, 2, 5, NULL, '::1', 'Mozilla/5.0 (Windows NT 10.0; Win64; x64) AppleWebKit/537.36 (KHTML, like Gecko) Chrome/142.0.0.0 Safari/537.36', 5.00, '2025-11-20 02:52:11', NULL),
(5, NULL, 1, 1, NULL, '::1', 'Mozilla/5.0 (Windows NT 10.0; Win64; x64) AppleWebKit/537.36 (KHTML, like Gecko) Chrome/142.0.0.0 Safari/537.36', 3.00, '2025-11-20 02:52:21', NULL),
(6, NULL, 3, 13, NULL, '::1', 'Mozilla/5.0 (Windows NT 10.0; Win64; x64) AppleWebKit/537.36 (KHTML, like Gecko) Chrome/142.0.0.0 Safari/537.36', 9.00, '2025-11-20 02:52:26', NULL),
(7, NULL, 3, 13, NULL, '::1', 'Mozilla/5.0 (Windows NT 10.0; Win64; x64) AppleWebKit/537.36 (KHTML, like Gecko) Chrome/142.0.0.0 Safari/537.36', 9.00, '2025-11-20 02:56:21', NULL),
(8, NULL, 2, 5, NULL, '::1', 'Mozilla/5.0 (Windows NT 10.0; Win64; x64) AppleWebKit/537.36 (KHTML, like Gecko) Chrome/142.0.0.0 Safari/537.36', 4.00, '2025-11-20 02:56:29', NULL),
(9, NULL, 1, 1, NULL, '::1', 'Mozilla/5.0 (Windows NT 10.0; Win64; x64) AppleWebKit/537.36 (KHTML, like Gecko) Chrome/142.0.0.0 Safari/537.36', 2.00, '2025-11-20 03:51:04', NULL),
(10, NULL, 3, 13, NULL, '::1', 'Mozilla/5.0 (Windows NT 10.0; Win64; x64) AppleWebKit/537.36 (KHTML, like Gecko) Chrome/142.0.0.0 Safari/537.36', 9.00, '2025-11-20 03:51:11', NULL),
(11, NULL, 2, 5, NULL, '::1', 'Mozilla/5.0 (Windows NT 10.0; Win64; x64) AppleWebKit/537.36 (KHTML, like Gecko) Chrome/142.0.0.0 Safari/537.36', 2.00, '2025-11-20 04:36:18', NULL),
(12, NULL, 2, 6, NULL, '::1', 'Mozilla/5.0 (Windows NT 10.0; Win64; x64) AppleWebKit/537.36 (KHTML, like Gecko) Chrome/142.0.0.0 Safari/537.36', 3.00, '2025-11-20 05:28:32', NULL),
(13, NULL, 1, 4, NULL, '::1', 'Mozilla/5.0 (Windows NT 10.0; Win64; x64) AppleWebKit/537.36 (KHTML, like Gecko) Chrome/142.0.0.0 Safari/537.36', 2.00, '2025-11-20 06:19:57', NULL),
(14, NULL, 3, 13, NULL, '::1', 'Mozilla/5.0 (Windows NT 10.0; Win64; x64) AppleWebKit/537.36 (KHTML, like Gecko) Chrome/142.0.0.0 Safari/537.36', 9.00, '2025-11-20 06:21:35', NULL),
(15, NULL, 3, 13, NULL, '::1', 'Mozilla/5.0 (Linux; Android 6.0; Nexus 5 Build/MRA58N) AppleWebKit/537.36 (KHTML, like Gecko) Chrome/142.0.0.0 Mobile Safari/537.36', 9.00, '2025-11-20 06:23:24', NULL),
(16, NULL, 3, 15, NULL, '::1', 'Mozilla/5.0 (Windows NT 10.0; Win64; x64) AppleWebKit/537.36 (KHTML, like Gecko) Chrome/142.0.0.0 Safari/537.36', 9.00, '2025-11-20 07:12:31', NULL),
(17, NULL, 2, 5, NULL, '::1', 'Mozilla/5.0 (Windows NT 10.0; Win64; x64) AppleWebKit/537.36 (KHTML, like Gecko) Chrome/142.0.0.0 Safari/537.36', 3.00, '2025-11-20 07:15:19', NULL),
(18, NULL, 3, 14, NULL, '::1', 'Mozilla/5.0 (Windows NT 10.0; Win64; x64) AppleWebKit/537.36 (KHTML, like Gecko) Chrome/142.0.0.0 Safari/537.36', 9.00, '2025-11-20 08:44:15', NULL),
(19, NULL, 1, 3, NULL, '::1', 'Mozilla/5.0 (Windows NT 10.0; Win64; x64) AppleWebKit/537.36 (KHTML, like Gecko) Chrome/142.0.0.0 Safari/537.36', 2.00, '2025-11-20 08:45:18', NULL),
(20, NULL, 3, 14, NULL, '::1', 'Mozilla/5.0 (Windows NT 10.0; Win64; x64) AppleWebKit/537.36 (KHTML, like Gecko) Chrome/142.0.0.0 Safari/537.36', 9.00, '2025-11-20 08:48:33', NULL),
(21, NULL, 3, 14, NULL, '::1', 'Mozilla/5.0 (Windows NT 10.0; Win64; x64) AppleWebKit/537.36 (KHTML, like Gecko) Chrome/142.0.0.0 Safari/537.36', 9.00, '2025-11-20 08:48:56', NULL),
(22, NULL, 3, 14, NULL, '::1', 'Mozilla/5.0 (Windows NT 10.0; Win64; x64) AppleWebKit/537.36 (KHTML, like Gecko) Chrome/142.0.0.0 Safari/537.36', 9.00, '2025-11-20 08:57:20', NULL),
(23, NULL, 1, 1, NULL, '::1', 'Mozilla/5.0 (Windows NT 10.0; Win64; x64) AppleWebKit/537.36 (KHTML, like Gecko) Chrome/142.0.0.0 Safari/537.36', 2.00, '2025-11-20 08:57:28', NULL),
(24, NULL, 3, 13, NULL, '::1', 'Mozilla/5.0 (Windows NT 10.0; Win64; x64) AppleWebKit/537.36 (KHTML, like Gecko) Chrome/142.0.0.0 Safari/537.36', 9.00, '2025-11-20 09:13:40', 'c2a13c2023fdac42'),
(25, NULL, 2, 6, NULL, '::1', 'Mozilla/5.0 (Windows NT 10.0; Win64; x64) AppleWebKit/537.36 (KHTML, like Gecko) Chrome/142.0.0.0 Safari/537.36', 4.00, '2025-11-20 09:18:47', 'a282ce0577e5aa98'),
(26, NULL, 3, 13, NULL, '::1', 'Mozilla/5.0 (Windows NT 10.0; Win64; x64) AppleWebKit/537.36 (KHTML, like Gecko) Chrome/142.0.0.0 Safari/537.36', 9.00, '2025-11-20 09:45:15', 'f928ac0b5d34cbd4'),
(27, NULL, 3, 13, NULL, '::1', 'Mozilla/5.0 (Windows NT 10.0; Win64; x64) AppleWebKit/537.36 (KHTML, like Gecko) Chrome/142.0.0.0 Safari/537.36', 9.00, '2025-11-20 09:47:26', '584a760a44109b15'),
(28, NULL, 2, 6, NULL, '::1', 'Mozilla/5.0 (Windows NT 10.0; Win64; x64) AppleWebKit/537.36 (KHTML, like Gecko) Chrome/142.0.0.0 Safari/537.36', 3.00, '2025-11-20 09:56:15', 'dbe0dd35a500b8df'),
(29, NULL, 2, 6, NULL, '::1', 'Mozilla/5.0 (Windows NT 10.0; Win64; x64) AppleWebKit/537.36 (KHTML, like Gecko) Chrome/142.0.0.0 Safari/537.36', 2.00, '2025-11-20 09:56:23', 'b93943364872c09a'),
(30, NULL, 2, 5, NULL, '::1', 'Mozilla/5.0 (Windows NT 10.0; Win64; x64) AppleWebKit/537.36 (KHTML, like Gecko) Chrome/142.0.0.0 Safari/537.36', 2.00, '2025-11-20 10:17:09', 'c82d017e0a91183e'),
(31, NULL, 3, 14, NULL, '::1', 'Mozilla/5.0 (Windows NT 10.0; Win64; x64) AppleWebKit/537.36 (KHTML, like Gecko) Chrome/142.0.0.0 Safari/537.36', 9.00, '2025-11-20 10:31:30', '76934f29e7290a01'),
(32, NULL, 3, 13, NULL, '::1', 'Mozilla/5.0 (Linux; Android 6.0; Nexus 5 Build/MRA58N) AppleWebKit/537.36 (KHTML, like Gecko) Chrome/142.0.0.0 Mobile Safari/537.36', 9.00, '2025-11-20 10:33:05', '219ed51194c7f332'),
(33, NULL, 2, 6, NULL, '::1', 'Mozilla/5.0 (Linux; Android 6.0; Nexus 5 Build/MRA58N) AppleWebKit/537.36 (KHTML, like Gecko) Chrome/142.0.0.0 Mobile Safari/537.36', 2.00, '2025-11-20 11:11:31', '6ef47c71c501fd76'),
(34, NULL, 3, 16, NULL, '::1', 'Mozilla/5.0 (Windows NT 10.0; Win64; x64) AppleWebKit/537.36 (KHTML, like Gecko) Chrome/142.0.0.0 Safari/537.36', 9.00, '2025-11-20 13:00:26', 'f7e7eb02b138ecf5'),
(35, NULL, 2, 6, NULL, '::1', 'Mozilla/5.0 (Windows NT 10.0; Win64; x64) AppleWebKit/537.36 (KHTML, like Gecko) Chrome/142.0.0.0 Safari/537.36', 3.00, '2025-11-20 13:33:31', 'da669f2a691e5df4'),
(36, NULL, 6, 25, NULL, '::1', 'Mozilla/5.0 (Windows NT 10.0; Win64; x64) AppleWebKit/537.36 (KHTML, like Gecko) Chrome/142.0.0.0 Safari/537.36', 12.00, '2025-11-20 13:53:43', '980b6b2a65327d87'),
(37, NULL, 3, 14, NULL, '::1', 'Mozilla/5.0 (Windows NT 10.0; Win64; x64) AppleWebKit/537.36 (KHTML, like Gecko) Chrome/142.0.0.0 Safari/537.36', 9.00, '2025-11-20 21:37:41', '6bf378aa4bc7bba9'),
(38, NULL, 3, 13, NULL, '::1', 'Mozilla/5.0 (Windows NT 10.0; Win64; x64) AppleWebKit/537.36 (KHTML, like Gecko) Chrome/142.0.0.0 Safari/537.36', 9.00, '2025-11-21 03:08:19', '8c98d3492a231958'),
(39, NULL, 2, 6, NULL, '::1', 'Mozilla/5.0 (Windows NT 10.0; Win64; x64) AppleWebKit/537.36 (KHTML, like Gecko) Chrome/142.0.0.0 Safari/537.36', 2.00, '2025-11-21 03:08:57', '64b15596af10fc28'),
(40, NULL, 3, 13, NULL, '::1', 'Mozilla/5.0 (Windows NT 10.0; Win64; x64) AppleWebKit/537.36 (KHTML, like Gecko) Chrome/142.0.0.0 Safari/537.36', 9.00, '2025-11-21 03:14:18', '047ca3f1122445c6'),
(41, NULL, 3, 13, NULL, '::1', 'Mozilla/5.0 (Windows NT 10.0; Win64; x64) AppleWebKit/537.36 (KHTML, like Gecko) Chrome/142.0.0.0 Safari/537.36', 9.00, '2025-11-21 04:43:17', 'a263021a0b9d0e34'),
(42, NULL, 3, 13, NULL, '::1', 'Mozilla/5.0 (Windows NT 10.0; Win64; x64) AppleWebKit/537.36 (KHTML, like Gecko) Chrome/142.0.0.0 Safari/537.36', 9.00, '2025-11-21 04:49:48', '5773ed8bd9608ce8'),
(43, NULL, 2, 6, NULL, '::1', 'Mozilla/5.0 (Windows NT 10.0; Win64; x64) AppleWebKit/537.36 (KHTML, like Gecko) Chrome/142.0.0.0 Safari/537.36', 2.00, '2025-11-21 04:49:55', '937db2e42b5deab7'),
(44, NULL, 6, 26, NULL, '::1', 'Mozilla/5.0 (Windows NT 10.0; Win64; x64) AppleWebKit/537.36 (KHTML, like Gecko) Chrome/142.0.0.0 Safari/537.36', 15.00, '2025-11-21 04:51:42', '056a7d37eeccf2aa'),
(45, NULL, 7, 30, NULL, '::1', 'Mozilla/5.0 (Windows NT 10.0; Win64; x64) AppleWebKit/537.36 (KHTML, like Gecko) Chrome/142.0.0.0 Safari/537.36', 50.00, '2025-11-21 07:16:53', '7bca75cde16f1599'),
(46, NULL, 6, 26, NULL, '::1', 'Mozilla/5.0 (Windows NT 10.0; Win64; x64) AppleWebKit/537.36 (KHTML, like Gecko) Chrome/142.0.0.0 Safari/537.36', 6.00, '2025-11-21 08:27:08', '3fc9041e42231344'),
(47, NULL, 7, 31, NULL, '::1', 'Mozilla/5.0 (Windows NT 10.0; Win64; x64) AppleWebKit/537.36 (KHTML, like Gecko) Chrome/142.0.0.0 Safari/537.36', 50.00, '2025-11-21 08:27:27', '9a5d0481d8efff57'),
(48, 2, 1, 1, NULL, '::1', 'Mozilla/5.0 (Windows NT 10.0; Win64; x64) AppleWebKit/537.36 (KHTML, like Gecko) Chrome/142.0.0.0 Safari/537.36', 2.00, '2025-11-21 09:48:17', 'b1b50dbac16fa6d5'),
(49, 2, 1, 2, NULL, '::1', 'Mozilla/5.0 (Windows NT 10.0; Win64; x64) AppleWebKit/537.36 (KHTML, like Gecko) Chrome/142.0.0.0 Safari/537.36', 2.00, '2025-11-21 09:48:34', 'cc7400ee6976c763'),
(50, 2, 6, 26, NULL, '::1', 'Mozilla/5.0 (Windows NT 10.0; Win64; x64) AppleWebKit/537.36 (KHTML, like Gecko) Chrome/142.0.0.0 Safari/537.36', 6.00, '2025-11-21 09:49:58', '75a64c6120a9a985'),
(51, 2, 2, 6, NULL, '::1', 'Mozilla/5.0 (Windows NT 10.0; Win64; x64) AppleWebKit/537.36 (KHTML, like Gecko) Chrome/142.0.0.0 Safari/537.36', 3.00, '2025-11-21 09:50:07', 'b8559bf54c979436'),
(52, 1, 1, 3, NULL, '::1', 'Mozilla/5.0 (Windows NT 10.0; Win64; x64) AppleWebKit/537.36 (KHTML, like Gecko) Chrome/142.0.0.0 Safari/537.36', 3.00, '2025-11-21 09:50:57', 'f34c79712ec8fe71'),
(53, 1, 2, 6, NULL, '::1', 'Mozilla/5.0 (Windows NT 10.0; Win64; x64) AppleWebKit/537.36 (KHTML, like Gecko) Chrome/142.0.0.0 Safari/537.36', 3.00, '2025-11-21 10:03:58', '425bb42b1310a012'),
(54, 1, 6, 26, NULL, '::1', 'Mozilla/5.0 (Windows NT 10.0; Win64; x64) AppleWebKit/537.36 (KHTML, like Gecko) Chrome/142.0.0.0 Safari/537.36', 6.00, '2025-11-21 10:04:46', '55d4d394a1a76242'),
(55, 1, 2, 7, NULL, '::1', 'Mozilla/5.0 (Windows NT 10.0; Win64; x64) AppleWebKit/537.36 (KHTML, like Gecko) Chrome/142.0.0.0 Safari/537.36', 3.00, '2025-11-21 10:49:13', 'e5e218543d373ebe'),
(56, 1, 6, 25, NULL, '::1', 'Mozilla/5.0 (Windows NT 10.0; Win64; x64) AppleWebKit/537.36 (KHTML, like Gecko) Chrome/142.0.0.0 Safari/537.36', 8.00, '2025-11-21 11:20:22', 'b9b400db13cdaa16'),
(57, 1, 6, 26, NULL, '::1', 'Mozilla/5.0 (Windows NT 10.0; Win64; x64) AppleWebKit/537.36 (KHTML, like Gecko) Chrome/142.0.0.0 Safari/537.36', 6.00, '2025-11-21 11:41:53', '1067e0b7d2fdb045'),
(58, 1, 6, 25, NULL, '::1', 'Mozilla/5.0 (Windows NT 10.0; Win64; x64) AppleWebKit/537.36 (KHTML, like Gecko) Chrome/142.0.0.0 Safari/537.36', 12.00, '2025-11-22 02:51:00', '30b285a189988f07'),
(59, 1, 6, 25, NULL, '::1', 'Mozilla/5.0 (Windows NT 10.0; Win64; x64) AppleWebKit/537.36 (KHTML, like Gecko) Chrome/142.0.0.0 Safari/537.36', 9.00, '2025-11-22 03:29:03', '13ea9132d6fb000a'),
(60, 1, 3, 13, NULL, '::1', 'Mozilla/5.0 (Windows NT 10.0; Win64; x64) AppleWebKit/537.36 (KHTML, like Gecko) Chrome/142.0.0.0 Safari/537.36', 3.00, '2025-11-22 04:00:10', '651fcd459d2275a3'),
(61, 1, 12, 39, NULL, '::1', 'Mozilla/5.0 (Windows NT 10.0; Win64; x64) AppleWebKit/537.36 (KHTML, like Gecko) Chrome/142.0.0.0 Safari/537.36', 0.00, '2025-11-22 04:00:18', 'e2c2032f741f012a'),
(62, 1, 13, 44, NULL, '::1', 'Mozilla/5.0 (Windows NT 10.0; Win64; x64) AppleWebKit/537.36 (KHTML, like Gecko) Chrome/142.0.0.0 Safari/537.36', 0.00, '2025-11-22 04:13:03', '8e389cdc5a29ce52'),
(63, 1, 1, 1, NULL, '::1', 'Mozilla/5.0 (Windows NT 10.0; Win64; x64) AppleWebKit/537.36 (KHTML, like Gecko) Chrome/142.0.0.0 Safari/537.36', 5.00, '2025-11-22 04:40:11', 'a4abdf8ad5dc556e'),
(64, 1, 7, 29, NULL, '::1', 'Mozilla/5.0 (Windows NT 10.0; Win64; x64) AppleWebKit/537.36 (KHTML, like Gecko) Chrome/142.0.0.0 Safari/537.36', 0.00, '2025-11-22 04:40:34', '4eb39f70a8af2343'),
(65, 1, 12, 39, NULL, '::1', 'Mozilla/5.0 (Windows NT 10.0; Win64; x64) AppleWebKit/537.36 (KHTML, like Gecko) Chrome/142.0.0.0 Safari/537.36', 0.00, '2025-11-22 04:40:47', 'd88502ebffc2ed57'),
(66, 1, 12, 39, NULL, '::1', 'Mozilla/5.0 (Windows NT 10.0; Win64; x64) AppleWebKit/537.36 (KHTML, like Gecko) Chrome/142.0.0.0 Safari/537.36', 0.00, '2025-11-22 04:56:44', '55337eb7071167a9'),
(67, 1, 12, 39, NULL, '::1', 'Mozilla/5.0 (Windows NT 10.0; Win64; x64) AppleWebKit/537.36 (KHTML, like Gecko) Chrome/142.0.0.0 Safari/537.36', 0.00, '2025-11-22 05:00:05', 'b163deb069dce826'),
(68, 1, 1, 1, NULL, '::1', 'Mozilla/5.0 (Windows NT 10.0; Win64; x64) AppleWebKit/537.36 (KHTML, like Gecko) Chrome/142.0.0.0 Safari/537.36', 5.00, '2025-11-22 05:03:47', '0cf75c0b7b9f6af5'),
(69, 1, 1, 1, NULL, '::1', 'Mozilla/5.0 (Windows NT 10.0; Win64; x64) AppleWebKit/537.36 (KHTML, like Gecko) Chrome/142.0.0.0 Safari/537.36', 5.00, '2025-11-22 05:04:30', '308f4e8895b80c3a'),
(70, 1, 7, 29, NULL, '::1', 'Mozilla/5.0 (Windows NT 10.0; Win64; x64) AppleWebKit/537.36 (KHTML, like Gecko) Chrome/142.0.0.0 Safari/537.36', 0.00, '2025-11-22 05:13:54', 'd37aa135c88b22ff'),
(71, 1, 13, 44, NULL, '::1', 'Mozilla/5.0 (Windows NT 10.0; Win64; x64) AppleWebKit/537.36 (KHTML, like Gecko) Chrome/142.0.0.0 Safari/537.36', 0.00, '2025-11-22 06:15:33', 'e1c20abc67cc2a5542e257efa641bae4'),
(72, 1, 13, 44, NULL, '::1', 'Mozilla/5.0 (Windows NT 10.0; Win64; x64) AppleWebKit/537.36 (KHTML, like Gecko) Chrome/142.0.0.0 Safari/537.36', 0.00, '2025-11-22 07:47:47', 'd5fcb63db36e201ab05b5e4fefffdc57'),
(73, 1, 12, 39, NULL, '::1', 'Mozilla/5.0 (Windows NT 10.0; Win64; x64) AppleWebKit/537.36 (KHTML, like Gecko) Chrome/142.0.0.0 Safari/537.36', 0.00, '2025-11-22 07:47:57', 'e35ab367cb2df5af4bb1465f3bf45f00'),
(74, 1, 6, 25, NULL, '::1', 'Mozilla/5.0 (Windows NT 10.0; Win64; x64) AppleWebKit/537.36 (KHTML, like Gecko) Chrome/142.0.0.0 Safari/537.36', 16.00, '2025-11-22 08:11:09', 'ac1ba88301732adee87deb547daaa2db'),
(75, 1, 13, 44, NULL, '::1', 'Mozilla/5.0 (Windows NT 10.0; Win64; x64) AppleWebKit/537.36 (KHTML, like Gecko) Chrome/142.0.0.0 Safari/537.36', 0.00, '2025-11-22 08:11:44', '89426c87690459ede83371e3a8a6f8e2'),
(76, 1, 3, 13, NULL, '::1', 'Mozilla/5.0 (Windows NT 10.0; Win64; x64) AppleWebKit/537.36 (KHTML, like Gecko) Chrome/142.0.0.0 Safari/537.36', 3.00, '2025-11-22 09:07:06', '1c3e187c81692a6bf9d6164a084c437a'),
(77, 1, 12, 39, NULL, '::1', 'Mozilla/5.0 (Windows NT 10.0; Win64; x64) AppleWebKit/537.36 (KHTML, like Gecko) Chrome/142.0.0.0 Safari/537.36', 0.00, '2025-11-22 22:33:22', '6046527e5ff044c5b0b33636f418afbf'),
(78, 1, 12, 39, NULL, '::1', 'Mozilla/5.0 (Windows NT 10.0; Win64; x64) AppleWebKit/537.36 (KHTML, like Gecko) Chrome/142.0.0.0 Safari/537.36', 0.00, '2025-11-23 02:46:47', '42bfaf7438c39ae7d4793a3df2fb7bf6'),
(79, 1, 12, 39, NULL, '::1', 'Mozilla/5.0 (Windows NT 10.0; Win64; x64) AppleWebKit/537.36 (KHTML, like Gecko) Chrome/142.0.0.0 Safari/537.36', 0.00, '2025-11-23 03:02:12', '3a35c47635c98280d48a3c5b02112d50'),
(80, 1, 1, 1, NULL, '::1', 'Mozilla/5.0 (Windows NT 10.0; Win64; x64) AppleWebKit/537.36 (KHTML, like Gecko) Chrome/142.0.0.0 Safari/537.36', 5.00, '2025-11-23 03:05:29', '66af1e03ba63cb7dac50b6ceb785a0ac'),
(81, 1, 13, 44, NULL, '::1', 'Mozilla/5.0 (Windows NT 10.0; Win64; x64) AppleWebKit/537.36 (KHTML, like Gecko) Chrome/142.0.0.0 Safari/537.36', 0.00, '2025-11-23 03:05:35', 'a4325c02c80df843b0f09cf1d798dc98'),
(82, 1, 6, 25, NULL, '::1', 'Mozilla/5.0 (Windows NT 10.0; Win64; x64) AppleWebKit/537.36 (KHTML, like Gecko) Chrome/142.0.0.0 Safari/537.36', 15.00, '2025-11-23 03:11:57', '7b50c49945b31d3669b38f4d3328abc4'),
(83, 1, 6, 25, NULL, '::1', 'Mozilla/5.0 (Windows NT 10.0; Win64; x64) AppleWebKit/537.36 (KHTML, like Gecko) Chrome/142.0.0.0 Safari/537.36', 17.00, '2025-11-23 03:18:41', 'e8d8ab66ea8c041e62348ba75be99aad'),
(84, 1, 12, 39, NULL, '::1', 'Mozilla/5.0 (Windows NT 10.0; Win64; x64) AppleWebKit/537.36 (KHTML, like Gecko) Chrome/142.0.0.0 Safari/537.36', 0.00, '2025-11-23 03:20:55', '2ece3be6543245650265da97afa1fa54'),
(85, 1, 2, 5, NULL, '::1', 'Mozilla/5.0 (Windows NT 10.0; Win64; x64) AppleWebKit/537.36 (KHTML, like Gecko) Chrome/142.0.0.0 Safari/537.36', 5.00, '2025-11-23 03:21:41', 'cbcc2bb2c806e0c0e14941e85375d57f'),
(86, 1, 2, 5, NULL, '::1', 'Mozilla/5.0 (Windows NT 10.0; Win64; x64) AppleWebKit/537.36 (KHTML, like Gecko) Chrome/142.0.0.0 Safari/537.36', 5.00, '2025-11-23 03:21:51', '05ab5fbc40773e30f0cc0f8a1f95f2b9'),
(87, 1, 1, 1, NULL, '::1', 'Mozilla/5.0 (Windows NT 10.0; Win64; x64) AppleWebKit/537.36 (KHTML, like Gecko) Chrome/142.0.0.0 Safari/537.36', 5.00, '2025-11-23 03:21:59', '8436c6f32e0ac7ab213e16efc890fa1b'),
(88, 1, 12, 39, NULL, '::1', 'Mozilla/5.0 (Windows NT 10.0; Win64; x64) AppleWebKit/537.36 (KHTML, like Gecko) Chrome/142.0.0.0 Safari/537.36', 0.00, '2025-11-23 03:22:08', '04f77906047aa6121d153fdb3c1c07df'),
(89, 1, 12, 39, NULL, '::1', 'Mozilla/5.0 (Windows NT 10.0; Win64; x64) AppleWebKit/537.36 (KHTML, like Gecko) Chrome/142.0.0.0 Safari/537.36', 12.00, '2025-11-23 03:26:37', '415115f20f88e58b6daff3c6e8dad7e4'),
(90, 1, 12, 39, NULL, '::1', 'Mozilla/5.0 (Windows NT 10.0; Win64; x64) AppleWebKit/537.36 (KHTML, like Gecko) Chrome/142.0.0.0 Safari/537.36', 12.00, '2025-11-23 03:29:43', '4e737bb7657f3950c3122634d3e83b60'),
(91, 1, 12, 39, NULL, '::1', 'Mozilla/5.0 (Windows NT 10.0; Win64; x64) AppleWebKit/537.36 (KHTML, like Gecko) Chrome/142.0.0.0 Safari/537.36', 12.00, '2025-11-23 04:25:47', 'bc32baf26543b179e5f8c8a303169969'),
(92, NULL, 13, 44, NULL, '::1', 'Mozilla/5.0 (Windows NT 10.0; Win64; x64) AppleWebKit/537.36 (KHTML, like Gecko) Chrome/142.0.0.0 Safari/537.36', 0.00, '2025-11-23 05:27:39', '7bfeb0e4e8536bb12fe330dbe472eb21'),
(93, 1, 12, 39, NULL, '::1', 'Mozilla/5.0 (Windows NT 10.0; Win64; x64) AppleWebKit/537.36 (KHTML, like Gecko) Chrome/142.0.0.0 Safari/537.36', 12.00, '2025-11-23 05:48:38', '6cf4005a8b8732a031a31692fa96a5d7'),
(94, 1, 12, 39, NULL, '::1', 'Mozilla/5.0 (Windows NT 10.0; Win64; x64) AppleWebKit/537.36 (KHTML, like Gecko) Chrome/142.0.0.0 Safari/537.36', 12.00, '2025-11-23 05:49:30', '83f440ced383af89bde08d1f83a10441'),
(95, 1, 2, 5, NULL, '::1', 'Mozilla/5.0 (Windows NT 10.0; Win64; x64) AppleWebKit/537.36 (KHTML, like Gecko) Chrome/142.0.0.0 Safari/537.36', 5.00, '2025-11-23 05:52:28', '8860d8b57ecfc2c54a0b6aca40768a7a'),
(96, 1, 13, 44, NULL, '::1', 'Mozilla/5.0 (Windows NT 10.0; Win64; x64) AppleWebKit/537.36 (KHTML, like Gecko) Chrome/142.0.0.0 Safari/537.36', 0.00, '2025-11-23 06:09:59', '1af55fbd31212ce963b70d7f187397b1'),
(97, 1, 13, 44, NULL, '::1', 'Mozilla/5.0 (Windows NT 10.0; Win64; x64) AppleWebKit/537.36 (KHTML, like Gecko) Chrome/142.0.0.0 Safari/537.36', 0.00, '2025-11-23 06:10:07', 'b58d9af7fda1352ea735f412af054a2a'),
(98, NULL, 13, 44, NULL, '::1', 'Mozilla/5.0 (Windows NT 10.0; Win64; x64) AppleWebKit/537.36 (KHTML, like Gecko) Chrome/142.0.0.0 Safari/537.36', 0.00, '2025-11-23 06:10:14', 'fa47701fe506aa9939893f24371eca82'),
(99, 1, 6, 25, NULL, '::1', 'Mozilla/5.0 (Windows NT 10.0; Win64; x64) AppleWebKit/537.36 (KHTML, like Gecko) Chrome/142.0.0.0 Safari/537.36', 11.00, '2025-11-23 06:48:49', 'e351559d5a3203825372784224ea5c24'),
(100, 1, 13, 44, NULL, '::1', 'Mozilla/5.0 (Windows NT 10.0; Win64; x64) AppleWebKit/537.36 (KHTML, like Gecko) Chrome/142.0.0.0 Safari/537.36', 0.00, '2025-11-23 08:14:14', '62a2a6932879906423f5dff25b2f5f3f'),
(101, 1, 13, 44, NULL, '::1', 'Mozilla/5.0 (Windows NT 10.0; Win64; x64) AppleWebKit/537.36 (KHTML, like Gecko) Chrome/142.0.0.0 Safari/537.36', 0.00, '2025-11-23 10:37:29', '33aa4e140e595c4120b44f50be09e838'),
(102, 1, 3, 13, NULL, '::1', 'Mozilla/5.0 (Windows NT 10.0; Win64; x64) AppleWebKit/537.36 (KHTML, like Gecko) Chrome/142.0.0.0 Safari/537.36', 3.00, '2025-11-23 11:08:29', 'f57c05ed95863921621dc391df9eccef'),
(103, 1, 12, 39, NULL, '::1', 'Mozilla/5.0 (Windows NT 10.0; Win64; x64) AppleWebKit/537.36 (KHTML, like Gecko) Chrome/142.0.0.0 Safari/537.36', 12.00, '2025-11-23 11:29:09', 'c2193a91d962700d057c57719226b363'),
(104, NULL, 12, 39, NULL, '::1', 'Mozilla/5.0 (Windows NT 10.0; Win64; x64) AppleWebKit/537.36 (KHTML, like Gecko) Chrome/142.0.0.0 Safari/537.36', 12.00, '2025-11-23 11:56:34', '98e13afc37e6f7cd5d33ba701f156a9c'),
(105, 1, 3, 13, NULL, '::1', 'Mozilla/5.0 (Windows NT 10.0; Win64; x64) AppleWebKit/537.36 (KHTML, like Gecko) Chrome/142.0.0.0 Safari/537.36', 3.00, '2025-11-23 11:57:55', 'c0fbd176fc2eaedf7b80368113076bf0'),
(106, 1, 3, 13, NULL, '::1', 'Mozilla/5.0 (Windows NT 10.0; Win64; x64) AppleWebKit/537.36 (KHTML, like Gecko) Chrome/142.0.0.0 Safari/537.36', 3.00, '2025-11-23 11:58:44', '6cda1d64b73bb48474423a0d15e2acec'),
(107, 1, 3, 13, NULL, '::1', 'Mozilla/5.0 (Windows NT 10.0; Win64; x64) AppleWebKit/537.36 (KHTML, like Gecko) Chrome/142.0.0.0 Safari/537.36', 3.00, '2025-11-23 11:58:58', '650aff09b8d80d8daba879fd9a55fc40'),
(108, NULL, 13, 44, NULL, '::1', 'Mozilla/5.0 (Windows NT 10.0; Win64; x64) AppleWebKit/537.36 (KHTML, like Gecko) Chrome/142.0.0.0 Safari/537.36', 0.00, '2025-11-23 12:19:09', 'e5e7dd3a88c4b3d39ca6f4253d98f1b5'),
(109, NULL, 13, 44, NULL, '::1', 'Mozilla/5.0 (Windows NT 10.0; Win64; x64) AppleWebKit/537.36 (KHTML, like Gecko) Chrome/142.0.0.0 Safari/537.36', 0.00, '2025-11-23 12:20:41', '079db68ba2303615968ea48d12ad68e8'),
(110, 1, 14, 46, NULL, '::1', 'Mozilla/5.0 (Windows NT 10.0; Win64; x64) AppleWebKit/537.36 (KHTML, like Gecko) Chrome/142.0.0.0 Safari/537.36', 0.00, '2025-11-24 08:53:17', '55024df6f7e1c238107b6b3475fafae4'),
(111, 1, 1, 1, NULL, '::1', 'Mozilla/5.0 (Windows NT 10.0; Win64; x64) AppleWebKit/537.36 (KHTML, like Gecko) Chrome/142.0.0.0 Safari/537.36', 5.00, '2025-11-24 08:53:56', '3542ea0c5fd4cb9e554993ee205532cf'),
(112, 1, 15, 51, NULL, '::1', 'Mozilla/5.0 (Windows NT 10.0; Win64; x64) AppleWebKit/537.36 (KHTML, like Gecko) Chrome/142.0.0.0 Safari/537.36', 0.00, '2025-11-24 09:47:04', '17a8e617486007bfb7402dfca1fe4c4b'),
(113, 1, 14, 46, NULL, '::1', 'Mozilla/5.0 (Windows NT 10.0; Win64; x64) AppleWebKit/537.36 (KHTML, like Gecko) Chrome/142.0.0.0 Safari/537.36', 0.00, '2025-11-24 10:38:07', '5d1852ba84d12f2493d4adb760f7e335'),
(114, 1, 15, 51, NULL, '::1', 'Mozilla/5.0 (Windows NT 10.0; Win64; x64) AppleWebKit/537.36 (KHTML, like Gecko) Chrome/142.0.0.0 Safari/537.36', 0.00, '2025-11-24 10:45:57', '8601dd732cb6fdaf5d0a832b3b5d39d5'),
(115, 1, 15, 51, NULL, '::1', 'Mozilla/5.0 (Windows NT 10.0; Win64; x64) AppleWebKit/537.36 (KHTML, like Gecko) Chrome/142.0.0.0 Safari/537.36', 0.00, '2025-11-24 11:02:41', 'ab317c6475e21c3c578b061bd839d38a'),
(116, 1, 15, 51, NULL, '::1', 'Mozilla/5.0 (Windows NT 10.0; Win64; x64) AppleWebKit/537.36 (KHTML, like Gecko) Chrome/142.0.0.0 Safari/537.36', 0.00, '2025-11-24 11:03:31', '37e2628fceea611439cec071c433c59d'),
(117, 1, 15, 51, NULL, '::1', 'Mozilla/5.0 (Windows NT 10.0; Win64; x64) AppleWebKit/537.36 (KHTML, like Gecko) Chrome/142.0.0.0 Safari/537.36', 0.00, '2025-11-24 11:12:16', '3a11ff9e1aaa5499fe643cf3dcd26d44'),
(118, NULL, 15, 51, NULL, '::1', 'Mozilla/5.0 (Windows NT 10.0; Win64; x64) AppleWebKit/537.36 (KHTML, like Gecko) Chrome/142.0.0.0 Safari/537.36', 0.00, '2025-11-24 11:13:28', 'f5c8a2cd018c04b2ea6c8970ef0c305d'),
(119, NULL, 14, 46, NULL, '::1', 'Mozilla/5.0 (Windows NT 10.0; Win64; x64) AppleWebKit/537.36 (KHTML, like Gecko) Chrome/142.0.0.0 Safari/537.36', 0.00, '2025-11-24 11:14:43', 'fb9adfd3bcf4fdc8f395023f004fd82f'),
(120, NULL, 3, 13, NULL, '::1', 'Mozilla/5.0 (Windows NT 10.0; Win64; x64) AppleWebKit/537.36 (KHTML, like Gecko) Chrome/142.0.0.0 Safari/537.36', 3.00, '2025-11-24 11:15:02', 'f5c25d565fc0aa549b8d4e782cb3eb39'),
(121, NULL, 15, 51, NULL, '::1', 'Mozilla/5.0 (Windows NT 10.0; Win64; x64) AppleWebKit/537.36 (KHTML, like Gecko) Chrome/142.0.0.0 Safari/537.36', 0.00, '2025-11-24 11:21:52', '42ffb0627b6a546254259e99935c0649'),
(122, NULL, 13, 44, NULL, '::1', 'Mozilla/5.0 (Windows NT 10.0; Win64; x64) AppleWebKit/537.36 (KHTML, like Gecko) Chrome/142.0.0.0 Safari/537.36', 0.00, '2025-11-24 11:22:08', '72b2b51e24b0b6c5280fc2dad53b0322'),
(123, NULL, 15, 51, NULL, '::1', 'Mozilla/5.0 (Windows NT 10.0; Win64; x64) AppleWebKit/537.36 (KHTML, like Gecko) Chrome/142.0.0.0 Safari/537.36', 0.00, '2025-11-24 11:22:49', '31ca9775ebe75a3b44a0942974d82fb9'),
(124, 1, 14, 46, NULL, '::1', 'Mozilla/5.0 (Windows NT 10.0; Win64; x64) AppleWebKit/537.36 (KHTML, like Gecko) Chrome/142.0.0.0 Safari/537.36', 0.00, '2025-11-24 22:46:59', '65b10c0fa967e6cab8b28b094893373e'),
(125, 1, 16, 55, NULL, '::1', 'Mozilla/5.0 (Windows NT 10.0; Win64; x64) AppleWebKit/537.36 (KHTML, like Gecko) Chrome/142.0.0.0 Safari/537.36', 0.00, '2025-11-24 22:47:26', 'a8c75f74df2f4979b2fbd2c2a8e54227'),
(126, 1, 16, 55, NULL, '::1', 'Mozilla/5.0 (Windows NT 10.0; Win64; x64) AppleWebKit/537.36 (KHTML, like Gecko) Chrome/142.0.0.0 Safari/537.36', 0.00, '2025-11-24 22:47:50', '32181f3fc2e790cc44c3fd8b28473136'),
(127, 1, 16, 55, NULL, '::1', 'Mozilla/5.0 (Windows NT 10.0; Win64; x64) AppleWebKit/537.36 (KHTML, like Gecko) Chrome/142.0.0.0 Safari/537.36', 0.00, '2025-11-24 22:48:02', '3a56ba6c9aa77ed5b98d2becfdf4aa81'),
(128, 1, 16, 55, NULL, '::1', 'Mozilla/5.0 (Windows NT 10.0; Win64; x64) AppleWebKit/537.36 (KHTML, like Gecko) Chrome/142.0.0.0 Safari/537.36', 0.00, '2025-11-24 22:53:34', 'd31bef2259fb7ed9861049c66ed9a7e4'),
(129, NULL, 16, 55, NULL, '::1', 'Mozilla/5.0 (Windows NT 10.0; Win64; x64) AppleWebKit/537.36 (KHTML, like Gecko) Chrome/142.0.0.0 Safari/537.36', 0.00, '2025-11-24 22:53:50', '0c93beac2340a2b1958335153fb62418'),
(130, NULL, 16, 55, NULL, '::1', 'Mozilla/5.0 (Windows NT 10.0; Win64; x64) AppleWebKit/537.36 (KHTML, like Gecko) Chrome/142.0.0.0 Safari/537.36', 0.00, '2025-11-24 22:54:15', 'd46b25b69e0bfab0cd63671e030f843a'),
(131, NULL, 6, 25, NULL, '::1', 'Mozilla/5.0 (Windows NT 10.0; Win64; x64) AppleWebKit/537.36 (KHTML, like Gecko) Chrome/142.0.0.0 Safari/537.36', 16.00, '2025-11-24 22:54:29', '7b06f685062ff1a716937a8bedd0d729'),
(132, NULL, 6, 25, NULL, '::1', 'Mozilla/5.0 (Windows NT 10.0; Win64; x64) AppleWebKit/537.36 (KHTML, like Gecko) Chrome/142.0.0.0 Safari/537.36', 5.00, '2025-11-24 22:54:41', 'fbb00320b16672d8ae8479e55d3c0893'),
(133, 1, 16, 55, NULL, '::1', 'Mozilla/5.0 (Windows NT 10.0; Win64; x64) AppleWebKit/537.36 (KHTML, like Gecko) Chrome/142.0.0.0 Safari/537.36', 0.00, '2025-11-24 23:05:34', '2d8c6c0c9a823e2032aa1a335318997f'),
(134, 1, 16, 55, NULL, '::1', 'Mozilla/5.0 (Windows NT 10.0; Win64; x64) AppleWebKit/537.36 (KHTML, like Gecko) Chrome/142.0.0.0 Safari/537.36', 0.00, '2025-11-24 23:05:49', 'f0ab350fd040506eeb9a13dfe3dda534');

-- --------------------------------------------------------

--
-- 表的结构 `test_run_scores`
--

CREATE TABLE `test_run_scores` (
  `id` bigint(20) UNSIGNED NOT NULL,
  `test_run_id` bigint(20) UNSIGNED NOT NULL,
  `dimension_key` varchar(50) COLLATE utf8mb4_unicode_ci NOT NULL,
  `score_value` decimal(10,2) NOT NULL DEFAULT '0.00'
) ENGINE=InnoDB DEFAULT CHARSET=utf8mb4 COLLATE=utf8mb4_unicode_ci;

--
-- 转存表中的数据 `test_run_scores`
--

INSERT INTO `test_run_scores` (`id`, `test_run_id`, `dimension_key`, `score_value`) VALUES
(1, 1, 'E', 2.00),
(2, 1, 'F', 4.00),
(3, 1, 'I', 2.00),
(4, 1, 'R', 1.00),
(5, 2, 'E', 2.00),
(6, 2, 'R', 5.00),
(7, 2, 'I', 2.00),
(8, 3, 'I', 4.00),
(9, 3, 'R', 2.00),
(10, 3, 'F', 2.00),
(11, 3, 'E', 1.00),
(12, 6, 'E', 2.00),
(13, 6, 'R', 5.00),
(14, 6, 'I', 2.00),
(15, 7, 'E', 2.00),
(16, 7, 'F', 1.00),
(17, 7, 'R', 4.00),
(18, 7, 'I', 2.00),
(19, 10, 'I', 4.00),
(20, 10, 'R', 5.00),
(21, 14, 'I', 4.00),
(22, 14, 'F', 1.00),
(23, 14, 'R', 4.00),
(24, 15, 'I', 4.00),
(25, 15, 'R', 2.00),
(26, 15, 'F', 2.00),
(27, 15, 'E', 1.00),
(28, 16, 'E', 4.00),
(29, 16, 'R', 3.00),
(30, 16, 'I', 1.00),
(31, 16, 'F', 1.00),
(32, 18, 'I', 4.00),
(33, 18, 'R', 2.00),
(34, 18, 'F', 3.00),
(35, 20, 'I', 4.00),
(36, 20, 'R', 2.00),
(37, 20, 'F', 3.00),
(38, 21, 'I', 4.00),
(39, 21, 'R', 2.00),
(40, 21, 'F', 3.00),
(41, 22, 'E', 2.00),
(42, 22, 'R', 2.00),
(43, 22, 'F', 3.00),
(44, 22, 'I', 2.00),
(45, 24, 'I', 2.00),
(46, 24, 'R', 4.00),
(47, 24, 'E', 2.00),
(48, 24, 'F', 1.00),
(49, 26, 'I', 4.00),
(50, 26, 'R', 2.00),
(51, 26, 'F', 2.00),
(52, 26, 'E', 1.00),
(53, 27, 'I', 4.00),
(54, 27, 'R', 2.00),
(55, 27, 'F', 2.00),
(56, 27, 'E', 1.00),
(57, 31, 'I', 4.00),
(58, 31, 'R', 2.00),
(59, 31, 'F', 3.00),
(60, 32, 'I', 5.00),
(61, 32, 'F', 1.00),
(62, 32, 'R', 3.00),
(63, 34, 'E', 4.00),
(64, 34, 'R', 1.00),
(65, 34, 'F', 4.00),
(66, 37, 'E', 2.00),
(67, 37, 'R', 2.00),
(68, 37, 'F', 3.00),
(69, 37, 'I', 2.00),
(70, 38, 'E', 2.00),
(71, 38, 'F', 1.00),
(72, 38, 'R', 4.00),
(73, 38, 'I', 2.00),
(74, 40, 'I', 3.00),
(75, 40, 'R', 3.00),
(76, 40, 'E', 2.00),
(77, 40, 'F', 1.00),
(78, 41, 'I', 4.00),
(79, 41, 'R', 2.00),
(80, 41, 'F', 2.00),
(81, 41, 'E', 1.00),
(82, 42, 'I', 2.00),
(83, 42, 'R', 4.00),
(84, 42, 'E', 2.00),
(85, 42, 'F', 1.00),
(86, 45, 'E', 13.00),
(87, 45, 'C', 19.00),
(88, 45, 'P', 17.00),
(89, 45, 'W', 1.00),
(90, 47, 'E', 22.00),
(91, 47, 'C', 6.00),
(92, 47, 'P', 19.00),
(93, 47, 'W', 3.00),
(94, 61, 'CAT', 0.00),
(95, 61, 'DOG', 0.00),
(96, 61, 'FOX', 0.00),
(97, 61, 'DEER', 0.00),
(98, 61, 'OWL', 0.00),
(99, 64, 'E', 0.00),
(100, 64, 'C', 0.00),
(101, 64, 'P', 0.00),
(102, 64, 'W', 0.00),
(103, 65, 'CAT', 0.00),
(104, 65, 'DOG', 0.00),
(105, 65, 'FOX', 0.00),
(106, 65, 'DEER', 0.00),
(107, 65, 'OWL', 0.00),
(108, 66, 'CAT', 0.00),
(109, 66, 'DOG', 0.00),
(110, 66, 'FOX', 0.00),
(111, 66, 'DEER', 0.00),
(112, 66, 'OWL', 0.00),
(113, 67, 'CAT', 0.00),
(114, 67, 'DOG', 0.00),
(115, 67, 'FOX', 0.00),
(116, 67, 'DEER', 0.00),
(117, 67, 'OWL', 0.00),
(118, 70, 'E', 0.00),
(119, 70, 'C', 0.00),
(120, 70, 'P', 0.00),
(121, 70, 'W', 0.00),
(122, 73, 'CAT', 0.00),
(123, 73, 'DOG', 0.00),
(124, 73, 'FOX', 0.00),
(125, 73, 'DEER', 0.00),
(126, 73, 'OWL', 0.00),
(127, 77, 'CAT', 0.00),
(128, 77, 'DOG', 0.00),
(129, 77, 'FOX', 0.00),
(130, 77, 'DEER', 0.00),
(131, 77, 'OWL', 0.00),
(132, 78, 'CAT', 0.00),
(133, 78, 'DOG', 0.00),
(134, 78, 'FOX', 0.00),
(135, 78, 'DEER', 0.00),
(136, 78, 'OWL', 0.00),
(137, 79, 'CAT', 0.00),
(138, 79, 'DOG', 0.00),
(139, 79, 'FOX', 0.00),
(140, 79, 'DEER', 0.00),
(141, 79, 'OWL', 0.00),
(142, 84, 'CAT', 0.00),
(143, 84, 'DOG', 0.00),
(144, 84, 'FOX', 0.00),
(145, 84, 'DEER', 0.00),
(146, 84, 'OWL', 0.00),
(147, 88, 'CAT', 0.00),
(148, 88, 'DOG', 0.00),
(149, 88, 'FOX', 0.00),
(150, 88, 'DEER', 0.00),
(151, 88, 'OWL', 0.00),
(152, 89, 'DOG', 7.00),
(153, 89, 'FOX', 2.00),
(154, 89, 'OWL', 2.00),
(155, 89, 'DEER', 1.00),
(156, 89, 'CAT', 0.00),
(157, 90, 'CAT', 7.00),
(158, 90, 'DOG', 2.00),
(159, 90, 'OWL', 2.00),
(160, 90, 'FOX', 1.00),
(161, 90, 'DEER', 0.00),
(162, 91, 'CAT', 7.00),
(163, 91, 'DOG', 3.00),
(164, 91, 'FOX', 1.00),
(165, 91, 'OWL', 1.00),
(166, 91, 'DEER', 0.00),
(167, 93, 'DOG', 9.00),
(168, 93, 'OWL', 2.00),
(169, 93, 'DEER', 1.00),
(170, 93, 'CAT', 0.00),
(171, 93, 'FOX', 0.00),
(172, 94, 'DOG', 7.00),
(173, 94, 'CAT', 2.00),
(174, 94, 'OWL', 2.00),
(175, 94, 'DEER', 1.00),
(176, 94, 'FOX', 0.00),
(177, 103, 'FOX', 6.00),
(178, 103, 'DOG', 3.00),
(179, 103, 'OWL', 2.00),
(180, 103, 'CAT', 1.00),
(181, 103, 'DEER', 0.00),
(182, 104, 'CAT', 5.00),
(183, 104, 'DOG', 3.00),
(184, 104, 'FOX', 2.00),
(185, 104, 'OWL', 2.00),
(186, 104, 'DEER', 0.00),
(187, 112, 'S', 0.00),
(188, 112, 'P', 0.00),
(189, 112, 'K', 0.00),
(190, 114, 'S', 0.00),
(191, 114, 'P', 0.00),
(192, 114, 'K', 0.00),
(193, 115, 'S', 0.00),
(194, 115, 'P', 0.00),
(195, 115, 'K', 0.00),
(196, 116, 'S', 0.00),
(197, 116, 'P', 0.00),
(198, 116, 'K', 0.00),
(199, 117, 'S', 0.00),
(200, 117, 'P', 0.00),
(201, 117, 'K', 0.00),
(202, 118, 'S', 0.00),
(203, 118, 'P', 0.00),
(204, 118, 'K', 0.00),
(205, 121, 'S', 0.00),
(206, 121, 'P', 0.00),
(207, 121, 'K', 0.00),
(208, 123, 'S', 0.00),
(209, 123, 'P', 0.00),
(210, 123, 'K', 0.00),
(211, 125, 'FOX', 0.00),
(212, 125, 'PANDA', 0.00),
(213, 125, 'TIGER', 0.00),
(214, 125, 'DOLPHIN', 0.00),
(215, 125, 'TURTLE', 0.00),
(216, 125, 'HUMMINGBIRD', 0.00),
(217, 125, 'WOLF', 0.00),
(218, 125, 'CAT', 0.00),
(219, 126, 'FOX', 0.00),
(220, 126, 'PANDA', 0.00),
(221, 126, 'TIGER', 0.00),
(222, 126, 'DOLPHIN', 0.00),
(223, 126, 'TURTLE', 0.00),
(224, 126, 'HUMMINGBIRD', 0.00),
(225, 126, 'WOLF', 0.00),
(226, 126, 'CAT', 0.00),
(227, 127, 'FOX', 0.00),
(228, 127, 'PANDA', 0.00),
(229, 127, 'TIGER', 0.00),
(230, 127, 'DOLPHIN', 0.00),
(231, 127, 'TURTLE', 0.00),
(232, 127, 'HUMMINGBIRD', 0.00),
(233, 127, 'WOLF', 0.00),
(234, 127, 'CAT', 0.00),
(235, 128, 'FOX', 0.00),
(236, 128, 'PANDA', 0.00),
(237, 128, 'TIGER', 0.00),
(238, 128, 'DOLPHIN', 0.00),
(239, 128, 'TURTLE', 0.00),
(240, 128, 'HUMMINGBIRD', 0.00),
(241, 128, 'WOLF', 0.00),
(242, 128, 'CAT', 0.00),
(243, 129, 'FOX', 0.00),
(244, 129, 'PANDA', 0.00),
(245, 129, 'TIGER', 0.00),
(246, 129, 'DOLPHIN', 0.00),
(247, 129, 'TURTLE', 0.00),
(248, 129, 'HUMMINGBIRD', 0.00),
(249, 129, 'WOLF', 0.00),
(250, 129, 'CAT', 0.00),
(251, 130, 'FOX', 0.00),
(252, 130, 'PANDA', 0.00),
(253, 130, 'TIGER', 0.00),
(254, 130, 'DOLPHIN', 0.00),
(255, 130, 'TURTLE', 0.00),
(256, 130, 'HUMMINGBIRD', 0.00),
(257, 130, 'WOLF', 0.00),
(258, 130, 'CAT', 0.00),
(259, 133, 'FOX', 0.00),
(260, 133, 'PANDA', 0.00),
(261, 133, 'TIGER', 0.00),
(262, 133, 'DOLPHIN', 0.00),
(263, 133, 'TURTLE', 0.00),
(264, 133, 'HUMMINGBIRD', 0.00),
(265, 133, 'WOLF', 0.00),
(266, 133, 'CAT', 0.00),
(267, 134, 'FOX', 0.00),
(268, 134, 'PANDA', 0.00),
(269, 134, 'TIGER', 0.00),
(270, 134, 'DOLPHIN', 0.00),
(271, 134, 'TURTLE', 0.00),
(272, 134, 'HUMMINGBIRD', 0.00),
(273, 134, 'WOLF', 0.00),
(274, 134, 'CAT', 0.00);

-- --------------------------------------------------------

--
-- 表的结构 `users`
--

CREATE TABLE `users` (
  `id` int(10) UNSIGNED NOT NULL,
  `email` varchar(50) COLLATE utf8mb4_unicode_ci NOT NULL,
  `password_hash` varchar(255) COLLATE utf8mb4_unicode_ci NOT NULL,
  `nickname` varchar(50) COLLATE utf8mb4_unicode_ci DEFAULT NULL,
  `gender` varchar(10) COLLATE utf8mb4_unicode_ci DEFAULT NULL COMMENT '性别：male/female/other',
  `birth_date` date DEFAULT NULL COMMENT '出生年月日',
  `zodiac` varchar(20) COLLATE utf8mb4_unicode_ci DEFAULT NULL COMMENT '星座',
  `chinese_zodiac` varchar(20) COLLATE utf8mb4_unicode_ci DEFAULT NULL COMMENT '属相',
  `personality` varchar(100) COLLATE utf8mb4_unicode_ci DEFAULT NULL COMMENT '人格',
  `created_at` datetime NOT NULL DEFAULT CURRENT_TIMESTAMP,
  `last_login_at` datetime DEFAULT NULL
) ENGINE=InnoDB DEFAULT CHARSET=utf8mb4 COLLATE=utf8mb4_unicode_ci;

--
-- 转存表中的数据 `users`
--

INSERT INTO `users` (`id`, `email`, `password_hash`, `nickname`, `gender`, `birth_date`, `zodiac`, `chinese_zodiac`, `personality`, `created_at`, `last_login_at`) VALUES
(1, 'admin', '$2y$10$6/G6jEG.WNzoCVNYyTCWoup1ze/CTyeEjom/JN5ynQmrDDXfkKqwe', NULL, 'male', NULL, '白羊座', '鸡', 'ISFP', '2025-11-21 09:47:10', '2025-11-23 11:56:43'),
(2, 'eve', '$2y$10$zzN8vxTc0oiikGaGq9HYMes4Z0ZLTeVz4qmWYMADvH7vIM2YSEVQq', 'illli', NULL, NULL, NULL, NULL, NULL, '2025-11-21 09:47:43', NULL),
(3, 'eeeee', '$2y$10$1ce9hLIqVDtfJqYEBEGFQu7cmaA67qkFaJmie9hj46huFRp7nlGdK', 'eeeeee', NULL, NULL, NULL, NULL, NULL, '2025-11-23 09:31:53', NULL);

-- --------------------------------------------------------

--
-- 表的结构 `user_favorites`
--

CREATE TABLE `user_favorites` (
  `id` int(10) UNSIGNED NOT NULL,
  `user_id` int(10) UNSIGNED NOT NULL,
  `test_id` int(10) UNSIGNED NOT NULL,
  `created_at` datetime NOT NULL DEFAULT CURRENT_TIMESTAMP
) ENGINE=InnoDB DEFAULT CHARSET=utf8mb4 COLLATE=utf8mb4_unicode_ci COMMENT='用户收藏表';

--
-- 转储表的索引
--

--
-- 表的索引 `admin_users`
--
ALTER TABLE `admin_users`
  ADD PRIMARY KEY (`id`),
  ADD UNIQUE KEY `username` (`username`);

--
-- 表的索引 `ad_positions`
--
ALTER TABLE `ad_positions`
  ADD PRIMARY KEY (`id`),
  ADD UNIQUE KEY `position_key` (`position_key`),
  ADD KEY `idx_enabled` (`is_enabled`),
  ADD KEY `idx_display_pages` (`display_pages`);

--
-- 表的索引 `backup_logs`
--
ALTER TABLE `backup_logs`
  ADD PRIMARY KEY (`id`);

--
-- 表的索引 `migrations`
--
ALTER TABLE `migrations`
  ADD PRIMARY KEY (`id`),
  ADD UNIQUE KEY `migration` (`migration`),
  ADD KEY `idx_batch` (`batch`);

--
-- 表的索引 `motivational_quotes`
--
ALTER TABLE `motivational_quotes`
  ADD PRIMARY KEY (`id`),
  ADD KEY `idx_is_active` (`is_active`),
  ADD KEY `idx_sort_order` (`sort_order`);

--
-- 表的索引 `notifications`
--
ALTER TABLE `notifications`
  ADD PRIMARY KEY (`id`),
  ADD KEY `idx_user_id` (`user_id`),
  ADD KEY `idx_is_read` (`is_read`),
  ADD KEY `idx_created_at` (`created_at`);

--
-- 表的索引 `questions`
--
ALTER TABLE `questions`
  ADD PRIMARY KEY (`id`),
  ADD KEY `idx_questions_test_id` (`test_id`);

--
-- 表的索引 `question_answers`
--
ALTER TABLE `question_answers`
  ADD PRIMARY KEY (`id`),
  ADD KEY `idx_test_run_id` (`test_run_id`),
  ADD KEY `idx_test_question` (`test_id`,`question_id`),
  ADD KEY `fk_answers_question` (`question_id`);

--
-- 表的索引 `question_options`
--
ALTER TABLE `question_options`
  ADD PRIMARY KEY (`id`),
  ADD KEY `idx_options_question_id` (`question_id`);

--
-- 表的索引 `results`
--
ALTER TABLE `results`
  ADD PRIMARY KEY (`id`),
  ADD KEY `idx_results_test_id` (`test_id`);

--
-- 表的索引 `settings`
--
ALTER TABLE `settings`
  ADD PRIMARY KEY (`id`),
  ADD UNIQUE KEY `uk_key_name` (`key_name`);

--
-- 表的索引 `share_stats`
--
ALTER TABLE `share_stats`
  ADD PRIMARY KEY (`id`),
  ADD KEY `idx_share_token` (`share_token`),
  ADD KEY `idx_test_run_id` (`test_run_id`),
  ADD KEY `idx_platform` (`platform`),
  ADD KEY `idx_created_at` (`created_at`);

--
-- 表的索引 `tests`
--
ALTER TABLE `tests`
  ADD PRIMARY KEY (`id`),
  ADD UNIQUE KEY `slug` (`slug`);

--
-- 表的索引 `test_runs`
--
ALTER TABLE `test_runs`
  ADD PRIMARY KEY (`id`),
  ADD UNIQUE KEY `uk_share_token` (`share_token`),
  ADD KEY `idx_runs_test_id` (`test_id`),
  ADD KEY `idx_runs_result_id` (`result_id`),
  ADD KEY `idx_runs_user_id` (`user_id`),
  ADD KEY `idx_share_token` (`share_token`),
  ADD KEY `idx_created_at` (`created_at`);

--
-- 表的索引 `test_run_scores`
--
ALTER TABLE `test_run_scores`
  ADD PRIMARY KEY (`id`),
  ADD KEY `idx_scores_run_id` (`test_run_id`);

--
-- 表的索引 `users`
--
ALTER TABLE `users`
  ADD PRIMARY KEY (`id`),
  ADD UNIQUE KEY `uniq_users_email` (`email`);

--
-- 表的索引 `user_favorites`
--
ALTER TABLE `user_favorites`
  ADD PRIMARY KEY (`id`),
  ADD UNIQUE KEY `uk_user_test` (`user_id`,`test_id`),
  ADD KEY `idx_user_id` (`user_id`),
  ADD KEY `idx_test_id` (`test_id`),
  ADD KEY `idx_created_at` (`created_at`);

--
-- 在导出的表使用AUTO_INCREMENT
--

--
-- 使用表AUTO_INCREMENT `admin_users`
--
ALTER TABLE `admin_users`
  MODIFY `id` int(10) UNSIGNED NOT NULL AUTO_INCREMENT, AUTO_INCREMENT=3;

--
-- 使用表AUTO_INCREMENT `ad_positions`
--
ALTER TABLE `ad_positions`
  MODIFY `id` int(11) NOT NULL AUTO_INCREMENT, AUTO_INCREMENT=10;

--
-- 使用表AUTO_INCREMENT `backup_logs`
--
ALTER TABLE `backup_logs`
  MODIFY `id` int(10) UNSIGNED NOT NULL AUTO_INCREMENT;

--
-- 使用表AUTO_INCREMENT `migrations`
--
ALTER TABLE `migrations`
  MODIFY `id` int(10) UNSIGNED NOT NULL AUTO_INCREMENT;

--
-- 使用表AUTO_INCREMENT `motivational_quotes`
--
ALTER TABLE `motivational_quotes`
  MODIFY `id` int(10) UNSIGNED NOT NULL AUTO_INCREMENT, AUTO_INCREMENT=101;

--
-- 使用表AUTO_INCREMENT `notifications`
--
ALTER TABLE `notifications`
  MODIFY `id` int(10) UNSIGNED NOT NULL AUTO_INCREMENT, AUTO_INCREMENT=15;

--
-- 使用表AUTO_INCREMENT `questions`
--
ALTER TABLE `questions`
  MODIFY `id` int(10) UNSIGNED NOT NULL AUTO_INCREMENT, AUTO_INCREMENT=184;

--
-- 使用表AUTO_INCREMENT `question_answers`
--
ALTER TABLE `question_answers`
  MODIFY `id` bigint(20) UNSIGNED NOT NULL AUTO_INCREMENT, AUTO_INCREMENT=432;

--
-- 使用表AUTO_INCREMENT `question_options`
--
ALTER TABLE `question_options`
  MODIFY `id` int(10) UNSIGNED NOT NULL AUTO_INCREMENT, AUTO_INCREMENT=641;

--
-- 使用表AUTO_INCREMENT `results`
--
ALTER TABLE `results`
  MODIFY `id` int(10) UNSIGNED NOT NULL AUTO_INCREMENT, AUTO_INCREMENT=62;

--
-- 使用表AUTO_INCREMENT `settings`
--
ALTER TABLE `settings`
  MODIFY `id` int(10) UNSIGNED NOT NULL AUTO_INCREMENT, AUTO_INCREMENT=56;

--
-- 使用表AUTO_INCREMENT `share_stats`
--
ALTER TABLE `share_stats`
  MODIFY `id` bigint(20) UNSIGNED NOT NULL AUTO_INCREMENT;

--
-- 使用表AUTO_INCREMENT `tests`
--
ALTER TABLE `tests`
  MODIFY `id` int(10) UNSIGNED NOT NULL AUTO_INCREMENT, AUTO_INCREMENT=17;

--
-- 使用表AUTO_INCREMENT `test_runs`
--
ALTER TABLE `test_runs`
  MODIFY `id` bigint(20) UNSIGNED NOT NULL AUTO_INCREMENT, AUTO_INCREMENT=135;

--
-- 使用表AUTO_INCREMENT `test_run_scores`
--
ALTER TABLE `test_run_scores`
  MODIFY `id` bigint(20) UNSIGNED NOT NULL AUTO_INCREMENT, AUTO_INCREMENT=275;

--
-- 使用表AUTO_INCREMENT `users`
--
ALTER TABLE `users`
  MODIFY `id` int(10) UNSIGNED NOT NULL AUTO_INCREMENT, AUTO_INCREMENT=4;

--
-- 使用表AUTO_INCREMENT `user_favorites`
--
ALTER TABLE `user_favorites`
  MODIFY `id` int(10) UNSIGNED NOT NULL AUTO_INCREMENT;

--
-- 限制导出的表
--

--
-- 限制表 `notifications`
--
ALTER TABLE `notifications`
  ADD CONSTRAINT `fk_notifications_user_id` FOREIGN KEY (`user_id`) REFERENCES `users` (`id`) ON DELETE CASCADE;

--
-- 限制表 `questions`
--
ALTER TABLE `questions`
  ADD CONSTRAINT `fk_questions_test` FOREIGN KEY (`test_id`) REFERENCES `tests` (`id`) ON DELETE CASCADE;

--
-- 限制表 `question_answers`
--
ALTER TABLE `question_answers`
  ADD CONSTRAINT `fk_answers_question` FOREIGN KEY (`question_id`) REFERENCES `questions` (`id`) ON DELETE CASCADE,
  ADD CONSTRAINT `fk_answers_run` FOREIGN KEY (`test_run_id`) REFERENCES `test_runs` (`id`) ON DELETE CASCADE,
  ADD CONSTRAINT `fk_answers_test` FOREIGN KEY (`test_id`) REFERENCES `tests` (`id`) ON DELETE CASCADE;

--
-- 限制表 `question_options`
--
ALTER TABLE `question_options`
  ADD CONSTRAINT `fk_options_question` FOREIGN KEY (`question_id`) REFERENCES `questions` (`id`) ON DELETE CASCADE;

--
-- 限制表 `results`
--
ALTER TABLE `results`
  ADD CONSTRAINT `fk_results_test` FOREIGN KEY (`test_id`) REFERENCES `tests` (`id`) ON DELETE CASCADE;

--
-- 限制表 `share_stats`
--
ALTER TABLE `share_stats`
  ADD CONSTRAINT `fk_share_stats_test_run` FOREIGN KEY (`test_run_id`) REFERENCES `test_runs` (`id`) ON DELETE SET NULL;

--
-- 限制表 `test_runs`
--
ALTER TABLE `test_runs`
  ADD CONSTRAINT `fk_runs_result` FOREIGN KEY (`result_id`) REFERENCES `results` (`id`) ON DELETE SET NULL,
  ADD CONSTRAINT `fk_runs_test` FOREIGN KEY (`test_id`) REFERENCES `tests` (`id`) ON DELETE CASCADE,
  ADD CONSTRAINT `fk_runs_user` FOREIGN KEY (`user_id`) REFERENCES `users` (`id`) ON DELETE SET NULL;

--
-- 限制表 `test_run_scores`
--
ALTER TABLE `test_run_scores`
  ADD CONSTRAINT `fk_scores_run` FOREIGN KEY (`test_run_id`) REFERENCES `test_runs` (`id`) ON DELETE CASCADE;

--
-- 限制表 `user_favorites`
--
ALTER TABLE `user_favorites`
  ADD CONSTRAINT `fk_favorites_test` FOREIGN KEY (`test_id`) REFERENCES `tests` (`id`) ON DELETE CASCADE,
  ADD CONSTRAINT `fk_favorites_user` FOREIGN KEY (`user_id`) REFERENCES `users` (`id`) ON DELETE CASCADE;
COMMIT;

/*!40101 SET CHARACTER_SET_CLIENT=@OLD_CHARACTER_SET_CLIENT */;
/*!40101 SET CHARACTER_SET_RESULTS=@OLD_CHARACTER_SET_RESULTS */;
/*!40101 SET COLLATION_CONNECTION=@OLD_COLLATION_CONNECTION */;
